Date,Ticker,Open,High,Low,Close,Volume,sentiment
2025-12-15,AAPL,279.63046152672615,279.63046152672615,272.33402020742307,273.6016540527344,50409100,0.0
2025-12-16,AAPL,272.3140798989353,274.9891026980292,271.2859911871425,274.1007385253906,37648600,0.0
2025-12-17,AAPL,274.50001118897205,275.6478724530811,271.13626563598973,271.33587646484375,50138700,0.0
2025-12-18,AAPL,273.1025913325419,273.12257373871984,266.4549687260805,271.68524169921875,51630700,0.0
2025-12-19,AAPL,271.6453053723066,274.09077415448866,269.399477884542,273.1625061035156,144632000,0.0
2025-12-22,AAPL,272.3539780142796,273.37210596231955,270.00836035897595,270.4674987792969,36571800,0.0
2025-12-23,AAPL,270.3377490962612,271.99467443806464,269.06012395403746,271.85491943359375,29642000,0.0
2025-12-24,AAPL,271.8349404799371,274.9192064044749,271.69521595033444,273.3022155761719,17910600,0.0
2025-12-26,AAPL,273.65157518449314,274.859322715931,272.35396775197984,272.8929748535156,21521800,0.0
2025-12-29,AAPL,272.1843267483383,273.8512128461511,271.8449608988494,273.2523498535156,23715200,0.0
2025-12-30,AAPL,272.304089543875,273.5717234473003,271.77507361210075,272.5735778808594,22139600,0.0
2025-12-31,AAPL,272.553621806917,273.17246717497864,271.24605357156486,271.3558349609375,27293600,0.0
2026-01-02,AAPL,271.75509761912826,277.32473598417806,268.5011336129586,270.5074157714844,37838100,0.0
2026-01-05,AAPL,270.1381104139889,271.0064921177503,265.6464557026853,266.7643737792969,45647200,0.0
2026-01-06,AAPL,266.504853430471,267.0538212812338,261.6338984265986,261.8734436035156,52352100,0.0
2026-01-07,AAPL,262.71190159101934,263.1909919246956,259.32817380451803,259.8471984863281,48309800,0.0
2026-01-08,AAPL,256.5433578451618,258.80916773471864,255.22581364132833,258.55963134765625,50419300,0.0
2026-01-09,AAPL,258.5995368285105,259.7274461787287,255.74485516422806,258.8890075683594,39997000,0.0
2026-01-12,AAPL,258.6794199598783,260.8154357257053,256.32378048041085,259.76739501953125,45263800,0.0
2026-01-13,AAPL,258.24022168851656,261.3244878277737,257.9108470550362,260.5658874511719,45730800,0.0
2026-01-14,AAPL,259.0087756526009,261.33447181199796,256.23393227813756,259.4779052734375,40019400,0.0
2026-01-15,AAPL,260.1666175851947,260.5559089501236,256.5732877053955,257.73114013671875,39388600,0.0
2026-01-16,AAPL,257.4217372195352,258.41988279267105,254.45724364888233,255.05613708496094,72142800,0.0
2026-01-20,AAPL,252.26132447540706,254.31750190322293,242.9685916985444,246.2425079345703,80267500,0.0
2026-01-21,AAPL,248.23880604127606,251.09350304772093,244.72532928784554,247.1907501220703,54641700,0.0
2026-01-22,AAPL,248.737864640942,250.53452965267718,247.68980878155546,247.8894500732422,39708300,0.0
2026-01-23,AAPL,246.86136630134166,248.94748685874615,244.22624741136653,247.58001708984375,41689000,0.0
2026-01-26,AAPL,251.01363570547153,256.08421686766076,249.336758511775,254.9363555908203,55969200,0.0
2026-01-27,AAPL,258.68937090303496,261.46421404872183,257.73112933459527,257.791015625,49648300,0.0
2026-01-28,AAPL,257.17220993748055,258.3799575946877,254.03803333601454,255.96446228027344,41288000,0.0
2026-01-29,AAPL,257.52154586161765,259.16847988830324,253.93820707645818,257.801025390625,67253000,0.0
2026-01-30,AAPL,254.69678984095313,261.41430490835,251.7123292610244,258.9988098144531,92443400,0.0
2026-02-02,AAPL,259.5478036352127,269.98839826257677,258.7293169184304,269.5093078613281,73913400,0.0
2026-02-03,AAPL,268.70080609664296,271.3758289780004,267.11372779647115,268.98028564453125,64394700,0.0
2026-02-04,AAPL,271.7850411492978,278.432693698261,271.7850411492978,275.97723388671875,90545700,0.0
2026-02-05,AAPL,277.6142303156022,278.98168486317746,272.72332314901723,275.3983459472656,52977400,0.0
2026-02-06,AAPL,276.6060720438839,280.3890519626743,276.4164219647768,277.6042175292969,50453400,0.0
2026-02-09,AAPL,277.6541982366954,277.9439398399519,271.4499228389202,274.3672180175781,44623400,0.0
2026-02-10,AAPL,274.6369782150198,275.11651686144285,272.68876099546605,273.4280700683594,34376900,0.0
2026-02-11,AAPL,274.44714753122867,279.92208361183503,274.1973776592452,275.24639892578125,51931300,0.0
2026-02-12,AAPL,275.3363333447182,275.46621856633783,259.94051360693726,261.4891052246094,81077200,0.0
2026-02-13,AAPL,261.7688319830923,261.9886306947134,255.21485759663088,255.5445556640625,56290700,0.0
2026-02-17,AAPL,257.8124646511843,266.0449008431299,255.30478047881587,263.6371154785156,58469100,0.0
2026-02-18,AAPL,263.35737977838915,266.57441720150126,262.20844437502524,264.106689453125,34203300,0.0
2026-02-19,AAPL,262.35827847824623,264.2365527856389,259.81060750150084,260.3401184082031,30845300,0.0
2026-02-20,AAPL,258.73163460792017,264.5063132392292,257.9223826043077,264.3364562988281,42070500,0.0
2026-02-23,AAPL,263.24744081710827,269.1819753311392,263.13755670993424,265.9349670410156,37308200,0.0
2026-02-24,AAPL,267.61343657617186,274.6369951599546,267.46358073991865,271.8895263671875,47014600,0.0
2026-02-25,AAPL,271.5298429675081,274.6869380517792,270.8005039088116,273.97760009765625,33714300,0.0
2026-02-26,AAPL,274.6969199809464,275.8558253670768,270.55071567552415,272.6987609863281,32345100,0.0
2026-02-27,AAPL,272.5588900215503,272.5588900215503,262.6480379442022,263.93682861328125,72366500,0.0
2026-03-02,AAPL,262.16844722421786,266.2846497598317,259.960490133898,264.476318359375,41827900,0.0
2026-03-03,AAPL,263.23749216234586,265.31556422164516,259.8905695547566,263.5072326660156,38568900,0.0
2026-03-04,AAPL,264.4063951364299,265.9050144519466,261.179387723623,262.2783508300781,39803100,0.0
2026-03-05,AAPL,260.54995479568396,261.3192350446657,257.01320478174756,260.0504150390625,49658600,0.0
2026-03-06,AAPL,258.39192833924307,258.53178361058343,254.13584003818684,257.2229919433594,41120000,0.0
2026-03-09,AAPL,255.45463216869055,260.9095975388004,253.44647267699952,259.6407775878906,38218500,0.0
2026-03-10,AAPL,257.4128391437035,262.2384104290217,256.71350175461305,260.58990478515625,30590800,0.0
2026-03-11,AAPL,260.8496568052655,261.888707997661,259.3110658747261,260.5699157714844,26218900,0.0
2026-03-12,AAPL,258.4219063383753,258.71164792954545,253.94601921584928,255.52456665039062,40794000,0.0
2026-03-13,AAPL,255.24483747003174,256.0940459350445,249.29033192864068,249.8897705078125,36930000,0.0
2026-03-16,AAPL,251.87794235419486,253.6563027081548,249.6499992581203,252.58729553222656,32074200,0.0
2026-03-17,AAPL,252.72716690012706,254.89516767044782,251.94787083452104,253.99598693847656,32361600,0.0
2026-03-18,AAPL,252.3974721128864,254.70534343896443,248.7708084606242,249.70994567871094,35757900,0.0
2026-03-19,AAPL,249.17043241392184,251.5982036354298,247.0723745163624,248.73085021972656,34864100,0.0
2026-03-20,AAPL,247.7517334570195,248.97061168291066,245.77356028907465,247.76173400878906,88331100,0.0
2026-03-23,AAPL,253.73622734962268,254.3656523266213,250.0496214753341,251.25851440429688,40546100,0.0
2026-03-24,AAPL,250.1195650925759,254.5954370944537,249.32029842391177,251.4083709716797,45152300,0.0
2026-03-25,AAPL,253.86611511385965,254.76528059453105,251.3684162845015,252.38746643066406,28476700,0.0
2026-03-26,AAPL,251.88793104116345,256.76344411909713,250.53918279672283,252.6572265625,41796700,0.0
2026-03-27,AAPL,253.666280215245,255.2548282141602,247.8416601166152,248.57098388671875,47900000,0.0
2026-03-30,AAPL,249.83982057534305,250.63907198816298,245.28400520065438,246.40298461914062,39446200,0.0
2026-03-31,AAPL,247.6818040942864,255.24482803058763,246.87255213324852,253.55638122558594,49598100,0.0
2026-04-01,AAPL,253.8461228128272,255.94418062939917,253.096813183035,255.3946990966797,40059400,0.0
2026-04-02,AAPL,253.96601496217014,255.89424639361263,250.4192795609811,255.68443298339844,31289400,0.0
2026-04-06,AAPL,256.27389167390277,261.9186847371787,256.2239194053331,258.6217041015625,29329900,0.0
2026-04-07,AAPL,255.92421782448065,255.96418954301222,245.47383916108728,253.26666259765625,62148000,0.0
2026-04-08,AAPL,258.2121146377317,259.51090582044134,256.29386854025813,258.66168212890625,41032800,0.0
2026-04-09,AAPL,258.7615948993736,260.879638597066,255.8342992320816,260.2502136230469,28121600,0.0
2026-04-10,AAPL,259.7406946341393,261.94865175168746,258.78155637925676,260.240234375,31291500,0.0
2026-04-13,AAPL,259.49093671136296,259.9405042051452,256.4237552437805,258.96142578125,36234700,0.0
2026-04-14,AAPL,259.01136264890187,261.68888841493145,256.9532612999924,258.59173583984375,48370700,0.0
2026-04-15,AAPL,257.92237663273806,266.3146386359468,257.57269269729437,266.18475341796875,49913500,0.0
2026-04-16,AAPL,266.55439590858066,266.91408037974617,261.0294875448873,263.15753173828125,43323100,0.0
2026-04-17,AAPL,266.7142527536172,272.0493335842862,266.47448343207725,269.98126220703125,61436200,0.0
2026-04-20,AAPL,270.08114756253855,274.0275237795767,270.04120633500696,272.79864501953125,36590200,0.0
2026-04-21,AAPL,271.250098918132,272.5488901425708,265.1557075406741,265.9250183105469,50209800,0.0
2026-04-22,AAPL,267.5734973129919,273.48803128351057,266.62435952726383,272.9185791015625,43249200,0.0
2026-04-23,AAPL,274.79681820267325,275.5161566987003,271.39995382845746,273.1783142089844,33399600,0.0
2026-04-24,AAPL,272.50893317942314,272.80864483253174,269.4017800912603,270.81048583984375,38157100,0.0
2026-04-27,AAPL,265.84505761361925,268.1129570778125,264.8260075108844,267.3636474609375,41466800,0.0
2026-04-28,AAPL,272.0893199684016,272.97851539952296,268.4127145556596,270.4608154296875,40018900,0.0
2026-04-29,AAPL,267.3037117460274,270.7905199823619,266.7942019267937,269.92132568359375,30047900,0.0
2026-04-30,AAPL,270.25102650288807,275.7459641951834,267.893213328058,271.1002502441406,91848200,0.0
2026-05-01,AAPL,278.6032901046287,286.95561044034525,278.1137509144006,279.88214111328125,79915400,0.0
2026-05-04,AAPL,279.4025768563376,280.3716851917065,274.60697695873915,276.5751647949219,46668400,0.0
2026-05-05,AAPL,276.6750995896243,284.30808218316156,276.2455026895375,283.9184265136719,49311700,0.0
2026-05-06,AAPL,281.66051049385584,287.76487170009636,280.8112868075762,287.245361328125,58336100,0.0
2026-05-07,AAPL,289.00371711581823,291.8611003514943,285.5169394038565,287.1754150390625,45224300,0.0
2026-05-08,AAPL,289.7430674686918,294.4886952888782,289.7330669166447,293.0500183105469,52692800,0.0
2026-05-11,AAPL,291.9800109863281,293.8800048828125,290.2300109863281,292.67999267578125,42247300,0.0
2026-05-12,AAPL,292.55999755859375,295.2699890136719,292.55999755859375,294.79998779296875,45748100,0.0
2026-05-13,AAPL,293.5,300.9200134277344,293.5,298.8699951171875,52684300,0.0
2026-05-14,AAPL,299.82000732421875,300.45001220703125,295.3800048828125,298.2099914550781,35324900,0.0
2026-05-15,AAPL,297.8999938964844,303.20001220703125,296.5199890136719,300.2300109863281,54862800,0.0
2026-05-18,AAPL,300.239990234375,300.6600036621094,294.9100036621094,297.8399963378906,34483000,0.0
2026-05-19,AAPL,296.9700012207031,300.510009765625,296.3500061035156,298.9700012207031,42243600,0.0
2026-05-20,AAPL,298.17999267578125,302.79998779296875,298.0799865722656,302.25,38229800,0.0
2026-05-21,AAPL,301.05999755859375,305.5400085449219,300.3999938964844,304.989990234375,42965100,0.0
2026-05-22,AAPL,306.1199951171875,311.3999938964844,305.8399963378906,308.82000732421875,43670200,0.0
2026-05-26,AAPL,309.55999755859375,311.82000732421875,307.6700134277344,308.3299865722656,48000500,0.0
2026-05-27,AAPL,308.3299865722656,313.260009765625,308.29998779296875,310.8500061035156,50430900,0.0
2026-05-28,AAPL,310.67999267578125,312.79998779296875,309.57000732421875,312.510009765625,48220400,0.0
2026-05-29,AAPL,311.7799987792969,315.0,309.5299987792969,312.05999755859375,70026800,0.0
2026-06-01,AAPL,309.6300048828125,310.94000244140625,305.0199890136719,306.30999755859375,48849900,0.0
2026-06-02,AAPL,307.4599914550781,315.45001220703125,306.69000244140625,315.20001220703125,44534700,0.0
2026-06-03,AAPL,314.17999267578125,316.94000244140625,308.8500061035156,310.260009765625,50836700,0.0
2026-06-04,AAPL,313.2300109863281,313.5400085449219,309.6499938964844,311.2300109863281,44869100,0.0
2026-06-05,AAPL,312.8599853515625,315.1700134277344,307.1499938964844,307.3399963378906,65310500,0.0
2026-06-08,AAPL,308.739990234375,317.3999938964844,301.1700134277344,301.5400085449219,77949100,0.0
2026-06-09,AAPL,300.2799987792969,300.75,287.7799987792969,290.54998779296875,70108800,0.0
2026-06-10,AAPL,290.739990234375,294.75,287.3800048828125,291.5799865722656,52793300,0.0
2026-06-11,AAPL,293.7200012207031,297.0,289.5899963378906,295.6300048828125,42572500,0.0
2026-06-12,AAPL,296.0299987792969,297.1400146484375,289.6199951171875,291.1300048828125,38742100,0.0
2025-12-15,MSFT,477.97146396596463,478.588710310573,470.42505317808707,472.7148742675781,23727700,0.0
2025-12-16,MSFT,469.8177748762136,475.7712732838117,468.79234263095657,474.2779235839844,20705600,0.0
2025-12-17,MSFT,474.79560024235434,477.8718969329872,472.8940646732686,474.00909423828125,24527200,0.0
2025-12-18,MSFT,476.06992080908344,487.4293375934554,475.7712630284666,481.8342590332031,28573500,0.0
2025-12-19,MSFT,485.1992432324443,485.68709144559693,480.35083955461556,483.7656555175781,70836100,0.0
2025-12-22,MSFT,483.9647726311972,486.5632169440421,480.5499868948874,482.7701110839844,16963000,0.0
2025-12-23,MSFT,482.829854335465,485.66719456773416,482.5908977144131,484.6915588378906,14683600,0.0
2025-12-24,MSFT,483.5267014178325,486.99128356758627,482.680463867149,485.8563232421875,5855900,0.0
2025-12-26,MSFT,484.5521629916047,485.95591540329985,483.8054881161676,485.5477294921875,8842200,0.0
2025-12-29,MSFT,482.71034015280554,486.1848877649252,482.0333622504328,484.9404296875,10893400,0.0
2025-12-30,MSFT,483.77560983811236,487.5089841188462,483.3475235456682,485.3187561035156,13944500,0.0
2025-12-31,MSFT,485.6771523949816,485.97584057107747,481.15727202744546,481.4758605957031,15601600,0.0
2026-01-02,MSFT,482.24244872265706,482.5112407273309,468.07552715971417,470.84320068359375,25571600,0.0
2026-01-05,MSFT,471.95822796941724,473.95932625248497,467.41844739653146,470.75360107421875,25250300,0.0
2026-01-06,MSFT,471.69937935780575,476.617480129593,467.6673473241013,476.3885192871094,23037700,0.0
2026-01-07,MSFT,477.63296458601815,487.5288974221053,475.83099176167434,481.3265075683594,25564200,0.0
2026-01-08,MSFT,479.10639276886474,480.5201105081445,473.7502403609407,475.9902648925781,18162600,0.0
2026-01-09,MSFT,471.9582322108041,477.6927047258898,470.106493184136,477.15509033203125,18491000,0.0
2026-01-12,MSFT,474.5566738594685,478.85749783991434,473.57104241242143,475.06439208984375,23519900,0.0
2026-01-13,MSFT,472.57548334410274,473.6706125344443,463.88420753037366,468.5832824707031,28545800,0.0
2026-01-14,MSFT,464.3919508718589,466.12425727832346,455.14315976714454,457.3433532714844,28184300,0.0
2026-01-15,MSFT,462.06232415810086,462.191752665677,453.8787662235596,454.6354064941406,23225800,0.0
2026-01-16,MSFT,455.8001987238622,461.13645097900303,454.4562082505655,457.8211975097656,34246700,0.0
2026-01-20,MSFT,449.2194951600843,454.77474258752966,447.28809381488645,452.5048522949219,26130000,0.0
2026-01-21,MSFT,450.5933708341933,450.6829681667298,436.73507280530305,442.1409912109375,37980500,0.0
2026-01-22,MSFT,445.6354487179439,450.8323067932568,442.7284117030413,449.1398620605469,25349400,0.0
2026-01-23,MSFT,449.8665935761158,469.01134678020316,448.5325382185013,463.8841857910156,38000200,0.0
2026-01-26,MSFT,463.2470104625561,472.14737672642065,459.9516880286902,468.1949768066406,29291200,0.0
2026-01-27,MSFT,471.59986874099184,480.72919663912324,471.06225431764057,478.4493408203125,29213900,0.0
2026-01-28,MSFT,481.0676409982362,481.59528998521284,475.8807484603396,479.4946594238281,36875400,0.0
2026-01-29,MSFT,438.0392806211351,440.5381621786467,419.1533835040837,431.57806396484375,128855300,0.0
2026-01-30,MSFT,437.2229285851671,437.65101486434605,424.55932220203715,428.3822937011719,58566800,0.0
2026-02-02,MSFT,428.33251789753194,428.8303011436502,420.37795134689077,421.49298095703125,42219900,0.0
2026-02-03,MSFT,420.1390072256922,420.178808008447,406.7486263222299,409.3868713378906,61424100,0.0
2026-02-04,MSFT,409.17783910585314,417.93881231579195,407.4256323109538,412.35369873046875,45012400,0.0
2026-02-05,MSFT,405.6335909812077,406.4897635323938,390.5806313349955,391.9246520996094,66289200,0.0
2026-02-06,MSFT,397.4002746193236,400.0086538663787,391.17798428483076,399.3615417480469,53515300,0.0
2026-02-09,MSFT,403.0550898097971,413.05058563481117,399.0927243377603,411.76629638671875,45480500,0.0
2026-02-10,MSFT,417.75959730190846,421.80159473973595,410.8702943432265,411.437744140625,44857900,0.0
2026-02-11,MSFT,414.33481566901673,414.61357304478975,399.2320904458023,402.5771789550781,42491000,0.0
2026-02-12,MSFT,403.20440420967,404.3990960787573,396.24540458526855,400.05841064453125,40802400,0.0
2026-02-13,MSFT,402.65686886295305,403.7420326637702,396.2852191820681,399.5407409667969,34091600,0.0
2026-02-17,MSFT,397.45004705087115,398.7442713079252,392.78083787972264,395.1004943847656,32078800,0.0
2026-02-18,MSFT,396.3648548030424,400.77520665339193,394.56288205367116,397.8283386230469,23223400,0.0
2026-02-19,MSFT,399.82403795970674,403.55594539020564,395.8127368785549,397.5988464355469,28234000,0.0
2026-02-20,MSFT,395.2539159508346,399.2552593187824,394.3059873534157,396.37152099609375,34015200,0.0
2026-02-23,MSFT,394.14630950985264,394.50551684604494,382.27203437696886,383.6390686035156,43238300,0.0
2026-02-24,MSFT,383.30981969967445,388.5185091169527,380.88504821898124,388.1593017578125,33884700,0.0
2026-02-25,MSFT,389.68597856263057,400.60233728073825,389.31678308531696,399.7342224121094,43625500,0.0
2026-02-26,MSFT,403.8353349281015,406.6093255926281,397.8782360341113,400.851806640625,34405900,0.0
2026-02-27,MSFT,390.03523926255787,395.9624042352165,389.0374004516944,391.8912048339844,51367200,0.0
2026-03-02,MSFT,392.01092411942045,400.32293811697235,389.78576315389057,397.6886291503906,35474900,0.0
2026-03-03,MSFT,392.2903484387299,405.82103971635513,391.82136299902305,403.0570068359375,38199200,0.0
2026-03-04,MSFT,400.4027502952161,410.14166638677375,399.44483360720756,404.32427978515625,35808000,0.0
2026-03-05,MSFT,403.54596943015656,410.72040218284053,403.525993165685,409.79241943359375,39001300,0.0
2026-03-06,MSFT,408.31564337314285,412.1572983375802,407.6271321747383,408.0761413574219,31123900,0.0
2026-03-09,MSFT,404.044890641513,409.3234358422322,402.62794618065146,408.5251770019531,30131900,0.0
2026-03-10,MSFT,409.1438479339772,409.31349393117443,402.05918625996463,404.8830871582031,31706400,0.0
2026-03-11,MSFT,404.6934855668013,408.1260534422115,400.7220762180728,404.0049743652344,25512100,0.0
2026-03-12,MSFT,403.7555185610488,405.2422886286942,400.84181586601125,400.9914855957031,27263900,0.0
2026-03-13,MSFT,400.13336309353434,403.9251383935716,393.3979511212616,394.69512939453125,26848000,0.0
2026-03-16,MSFT,397.209690545171,399.7641553863696,393.9367805641587,399.08563232421875,27733700,0.0
2026-03-17,MSFT,399.4049101655112,403.5259891234105,396.8903674487218,398.5467834472656,26228300,0.0
2026-03-18,MSFT,396.271723303423,397.13983817793417,390.1549666521916,390.9432678222656,25908500,0.0
2026-03-19,MSFT,389.2569126674818,391.6417315076428,386.2234742615233,388.1792297363281,25138800,0.0
2026-03-20,MSFT,385.95408868282834,386.16362631018524,379.29849030352204,381.0447082519531,50853200,0.0
2026-03-23,MSFT,383.07032058481127,386.3731646745857,380.85511716508233,382.1722717285156,29680100,0.0
2026-03-24,MSFT,381.53362193174286,381.6434000325674,371.04635704379217,371.9344177246094,42733600,0.0
2026-03-25,MSFT,376.10542586510894,376.2451074667104,368.831172255135,370.2381286621094,31181200,0.0
2026-03-26,MSFT,370.01860155518807,373.9101668945663,364.4007640805619,365.1790771484375,36836600,0.0
2026-03-27,MSFT,361.11784971721505,361.6666793192034,355.73951450811694,355.9989318847656,37883400,0.0
2026-03-30,MSFT,361.1178525849577,364.5703662773937,355.51000344849933,358.1842041015625,44797000,0.0
2026-03-31,MSFT,363.7621155862403,372.09407550142714,362.28533367877645,369.3699951171875,45244400,0.0
2026-04-01,MSFT,372.682807332766,373.1817267376728,367.4042619540212,368.57171630859375,29417200,0.0
2026-04-02,MSFT,366.41637016886637,372.83249667260446,363.3629859357669,372.6528625488281,24099100,0.0
2026-04-06,MSFT,372.682794233078,372.92229624611906,368.70142726638517,372.0741271972656,16146600,0.0
2026-04-07,MSFT,369.5396147715723,371.64507045865594,365.7677853538718,371.48541259765625,21443300,0.0
2026-04-08,MSFT,384.148004001906,384.167949815935,370.6073237610428,373.52099609375,33064800,0.0
2026-04-09,MSFT,371.6949574789129,372.6927962909368,366.2567237727329,372.26373291015625,30435300,0.0
2026-04-10,MSFT,372.17393720824543,374.8281921461914,369.23030048358606,370.0684814453125,28111100,0.0
2026-04-13,MSFT,372.8025510733858,383.70895264062807,370.2181521550117,383.539306640625,35745800,0.0
2026-04-14,MSFT,387.0816509997633,393.83700889302276,385.684652281273,392.2604064941406,37504500,0.0
2026-04-15,MSFT,397.1398382929036,413.47445440771634,395.8725939925935,410.3312683105469,45063400,0.0
2026-04-16,MSFT,418.95258572248235,419.9105328997013,411.2492993874727,419.35174560546875,41642400,0.0
2026-04-17,MSFT,423.9018933176335,430.64726300981,419.78081413338697,421.87628173828125,48568200,0.0
2026-04-20,MSFT,420.2398034863272,422.4150847565369,415.40027922801784,417.1664733886719,27582200,0.0
2026-04-21,MSFT,419.33177508554746,426.25677891783357,416.2983670043314,423.2433166503906,32048500,0.0
2026-04-22,MSFT,425.2689090952171,432.7626880248645,422.7543663498755,431.984375,29378200,0.0
2026-04-23,MSFT,418.9825380949446,422.7443793162959,410.5208543154444,414.8514709472656,38308000,0.0
2026-04-24,MSFT,416.0688403922519,424.0316048781353,414.9013556123021,423.7023010253906,27457400,0.0
2026-04-27,MSFT,421.46715688013995,426.1869149113369,416.1686352924954,423.9018859863281,30867300,0.0
2026-04-28,MSFT,423.6524179624475,428.99086152362304,420.9881750222059,428.3222961425781,30438100,0.0
2026-04-29,MSFT,423.6623688360089,425.8975483734993,419.38166246548025,423.5426330566406,38288300,0.0
2026-04-30,MSFT,409.92216255995794,413.5243765293071,397.1498378648014,406.8987121582031,70909400,0.0
2026-05-01,MSFT,411.9078412872606,416.2085240460113,409.5529563541748,413.5443115234375,31372400,0.0
2026-05-04,MSFT,410.6505829404435,419.87060358807366,409.91216153093814,412.72607421875,28066500,0.0
2026-05-05,MSFT,414.42242364358015,415.8792597859335,407.916495085617,410.4909362792969,25700900,0.0
2026-05-06,MSFT,407.11822745622237,417.51572107575487,404.23445872829495,413.0653381347656,30285900,0.0
2026-05-07,MSFT,419.2020489501835,427.05506598481406,417.8549909144547,419.8606262207031,34942400,0.0
2026-05-08,MSFT,416.48795292910256,417.7252633012779,413.105264767488,414.22283935546875,33383800,0.0
2026-05-11,MSFT,406.9885016374445,411.79809190456297,404.6236285818644,411.7681579589844,35657900,0.0
2026-05-12,MSFT,413.58422243338293,414.6020070114768,405.76117016707224,406.8887023925781,38594200,0.0
2026-05-13,MSFT,402.3286237155428,405.4318878236479,400.1633000811369,404.3342590332031,29667100,0.0
2026-05-14,MSFT,403.6058516736889,410.94993067744383,400.013625877668,408.5451354980469,27077500,0.0
2026-05-15,MSFT,413.3746572242232,427.24464052002446,412.01761111071977,421.0081481933594,50771200,0.0
2026-05-18,MSFT,415.71960624154525,424.2012362508279,414.7117792841577,422.6246643066406,32564100,0.0
2026-05-19,MSFT,428.9708919761278,431.7648588737268,415.58987007798993,416.51788330078125,33018700,0.0
2026-05-20,MSFT,413.2749005432513,421.18775475321456,410.4110776678385,420.1499938964844,27864000,0.0
2026-05-21,MSFT,424.75,426.3399963378906,415.7099914550781,419.0899963378906,31393500,0.0
2026-05-22,MSFT,419.5400085449219,424.3999938964844,416.3299865722656,418.57000732421875,22390300,0.0
2026-05-26,MSFT,416.42999267578125,419.7699890136719,413.0199890136719,416.0299987792969,30398000,0.0
2026-05-27,MSFT,411.010009765625,415.94000244140625,409.5799865722656,412.6700134277344,28901500,0.0
2026-05-28,MSFT,412.9800109863281,429.489990234375,412.6700134277344,426.989990234375,47250500,0.0
2026-05-29,MSFT,432.54998779296875,450.3299865722656,432.3599853515625,450.239990234375,79654400,0.0
2026-06-01,MSFT,464.8399963378906,466.32000732421875,458.2699890136719,460.5199890136719,53628900,0.0
2026-06-02,MSFT,446.8800048828125,453.5,440.42999267578125,441.30999755859375,37036800,0.0
2026-06-03,MSFT,438.45001220703125,440.3900146484375,424.25,427.3399963378906,39037000,0.0
2026-06-04,MSFT,435.80999755859375,436.1499938964844,426.4100036621094,428.04998779296875,26899500,0.0
2026-06-05,MSFT,428.3399963378906,429.4700012207031,414.3999938964844,416.6700134277344,34782200,0.0
2026-06-08,MSFT,414.1400146484375,417.1600036621094,408.55999755859375,411.739990234375,32086700,0.0
2026-06-09,MSFT,409.0299987792969,411.9800109863281,398.4800109863281,403.4100036621094,35317300,0.0
2026-06-10,MSFT,398.54998779296875,405.0400085449219,397.1600036621094,397.3599853515625,32576000,0.0
2026-06-11,MSFT,395.2099914550781,396.8500061035156,384.0,390.3399963378906,47224100,0.0
2026-06-12,MSFT,391.42999267578125,391.739990234375,382.2699890136719,390.739990234375,34865800,0.0
2025-12-15,GOOGL,310.9152814169449,311.01515750934647,304.4836511834585,307.8193054199219,29151900,0.0
2025-12-16,GOOGL,304.55358908476643,310.3660001485481,302.1966411442108,306.1714782714844,30585000,0.0
2025-12-17,GOOGL,307.60959033164653,307.6894729197007,295.7350329501308,296.3342590332031,43930400,0.0
2025-12-18,GOOGL,301.32777470817274,303.56485302569047,298.8410213827925,302.0668029785156,33518000,0.0
2025-12-19,GOOGL,301.33777770154796,306.85059101726483,300.5787559089981,306.7607116699219,59943200,0.0
2025-12-22,GOOGL,309.47716491524386,309.7268399185022,304.90310178792384,309.3772888183594,26429900,0.0
2025-12-23,GOOGL,309.2274800840275,314.5305745464577,308.91788552805923,313.94134521484375,25478700,0.0
2025-12-24,GOOGL,314.3608103937755,314.67040497756983,311.51453957359615,313.68170166015625,10097400,0.0
2025-12-26,GOOGL,314.0711877312235,314.6803801033015,311.87403553475036,313.1024475097656,10899000,0.0
2025-12-29,GOOGL,310.96521879647884,313.61176774066803,310.2161937852231,313.1523742675781,19621800,0.0
2025-12-30,GOOGL,312.09376543928346,316.5379928503015,312.0538089034933,313.4420166015625,17380900,0.0
2025-12-31,GOOGL,312.4433102220648,314.17104176667254,311.03513952358344,312.5931091308594,16377700,0.0
2026-01-02,GOOGL,316.4880510777925,322.0807776535599,309.92658419973367,314.7403259277344,32009400,0.0
2026-01-05,GOOGL,317.24707928114736,318.60529679570504,314.2210191795431,316.1285400390625,30195600,0.0
2026-01-06,GOOGL,315.9886856047422,320.5227923064431,311.3746963103618,313.9313659667969,31212100,0.0
2026-01-07,GOOGL,313.95131240372154,325.725993751253,313.7815504740342,321.5614318847656,35104400,0.0
2026-01-08,GOOGL,328.54234711069296,329.8905982345552,321.08205673508803,325.0169372558594,31896100,0.0
2026-01-09,GOOGL,326.6647962522232,330.3999246926398,325.37646465172014,328.14288330078125,26214200,0.0
2026-01-12,GOOGL,325.37643895257156,333.6057474535575,324.57749116547984,331.4285583496094,33923900,0.0
2026-01-13,GOOGL,334.5146010595183,340.04737751020235,333.18631289711504,335.53326416015625,33517600,0.0
2026-01-14,GOOGL,334.62442706687915,336.08252056576845,330.05039437456895,335.4034118652344,28525600,0.0
2026-01-15,GOOGL,337.21104566866205,337.2510022020921,330.3100250775331,332.3473815917969,28442400,0.0
2026-01-16,GOOGL,333.97528525413946,334.2149635116852,327.27401649506595,329.5710144042969,40341600,0.0
2026-01-20,GOOGL,320.4528849486331,327.30398324237245,320.01345448184367,321.5814208984375,35361000,0.0
2026-01-21,GOOGL,320.50283121296127,332.0478012719212,318.9348648307384,327.953125,35386600,0.0
2026-01-22,GOOGL,334.0152418739244,334.71431361791133,328.32263943252485,330.1103210449219,26253600,0.0
2026-01-23,GOOGL,332.05776231305794,333.2562145369407,327.0243361197249,327.5036926269531,27280000,0.0
2026-01-26,GOOGL,327.3838548641184,335.4034148973675,326.5749102768944,332.8267822265625,26042100,0.0
2026-01-27,GOOGL,334.93402312381306,337.4707297257924,333.04649592160257,334.1150817871094,21636200,0.0
2026-01-28,GOOGL,335.62313448097893,337.1012215187292,331.5084951745387,335.5732116699219,27434400,0.0
2026-01-29,GOOGL,339.85759500876696,341.84502871736817,326.115503846963,337.8102722167969,39785600,0.0
2026-01-30,GOOGL,339.5580079569619,339.5580079569619,331.8580393103398,337.56060791015625,31024000,0.0
2026-02-02,GOOGL,335.78293445124825,344.3817273143538,335.1937050748485,343.24322509765625,32006100,0.0
2026-02-03,GOOGL,346.8884575284791,348.5463032010534,337.0312933144156,339.26837158203125,36506700,0.0
2026-02-04,GOOGL,342.514142570529,342.86369366519597,328.09291217000737,332.6070556640625,70618400,0.0
2026-02-05,GOOGL,311.814107165092,332.25749685616427,306.06158556074746,330.8193664550781,88205800,0.0
2026-02-06,GOOGL,326.75466854448496,329.95052083207565,319.50412705068965,322.4402770996094,56380500,0.0
2026-02-09,GOOGL,320.5127991892576,327.2740180221729,316.84758707958963,323.8984069824219,39640100,0.0
2026-02-10,GOOGL,320.5527401483992,321.25184233940706,314.2009923012897,318.16583251953125,39170000,0.0
2026-02-11,GOOGL,318.55535268111106,320.64263210541753,309.25745775560665,310.5557556152344,45406400,0.0
2026-02-12,GOOGL,311.68427643298344,315.8288752987113,306.80064932708433,308.5982971191406,47761300,0.0
2026-02-13,GOOGL,307.32996759040856,308.2287915112591,303.31517401115394,305.32257080078125,38499700,0.0
2026-02-17,GOOGL,299.6499434457439,304.0442171582303,295.86486207725466,301.6273498535156,39247600,0.0
2026-02-18,GOOGL,301.6972906518214,304.983022308801,300.8583862777236,302.9356689453125,28482100,0.0
2026-02-19,GOOGL,301.42763905495286,305.0728879320441,299.64995428739604,302.456298828125,25834400,0.0
2026-02-20,GOOGL,303.9243808328656,316.08853909864735,303.504913437054,314.5705261230469,53210800,0.0
2026-02-23,GOOGL,318.6352220336332,319.1046122516075,309.4671633706354,311.0850524902344,31423000,0.0
2026-02-24,GOOGL,310.11633870149166,311.8640638461802,305.53230897934316,310.495849609375,25615600,0.0
2026-02-25,GOOGL,311.6543207518016,313.2322838254539,309.03773161827513,312.49322509765625,29963600,0.0
2026-02-26,GOOGL,312.23361045347764,312.73296049797625,301.95697800388234,306.9804382324219,36431200,0.0
2026-02-27,GOOGL,303.7446468483449,311.9639287272481,303.4050620118916,311.354736328125,44640600,0.0
2026-03-02,GOOGL,302.83581985466094,308.0889612664211,300.908305641281,306.12152099609375,34790200,0.0
2026-03-03,GOOGL,298.2018299939976,303.5448811012492,296.3242691134317,303.1853332519531,35497000,0.0
2026-03-04,GOOGL,302.49628364637806,305.07291645770977,300.3590508331652,302.7359619140625,29536200,0.0
2026-03-05,GOOGL,302.6460567428228,302.9056980180265,297.6026034525966,300.4888610839844,35752300,0.0
2026-03-06,GOOGL,295.7050936872067,300.1393243405422,294.7962729857715,298.1319274902344,25576900,0.0
2026-03-09,GOOGL,294.1842573074437,306.6168332730834,293.9044256827884,306.1770935058594,29312100,0.0
2026-03-10,GOOGL,305.98724420005084,309.3252467158022,305.3875962722132,306.8567199707031,23239700,0.0
2026-03-11,GOOGL,306.56689883882945,311.23412470378855,305.7374076911934,308.5157470703125,24125700,0.0
2026-03-12,GOOGL,306.636841807898,308.7555713296518,300.8502897843219,303.3687744140625,24928300,0.0
2026-03-13,GOOGL,306.8267356773544,307.50632242162294,300.26065041451466,302.09954833984375,23693100,0.0
2026-03-16,GOOGL,304.16832484157635,306.3070315122431,302.8391017033621,305.3775939941406,23519700,0.0
2026-03-17,GOOGL,305.67739809365116,311.2341070358109,305.3176276402165,310.7344055175781,21955200,0.0
2026-03-18,GOOGL,309.0853604878573,312.28346234614037,306.74676108497374,307.5063171386719,20009800,0.0
2026-03-19,GOOGL,303.8285227221892,307.8760927647981,302.16951004441273,306.9466552734375,25075800,0.0
2026-03-20,GOOGL,305.2776414809433,305.8173276578073,298.0919312440676,300.8203125,44364100,0.0
2026-03-23,GOOGL,301.92965766257777,305.7973733016039,300.75036931754545,301.87969970703125,29326900,0.0
2026-03-24,GOOGL,299.02141279307426,299.7409842283802,290.15668188195673,290.2666320800781,36864300,0.0
2026-03-25,GOOGL,293.2648285118823,295.82329783701033,289.0673235725591,290.7563171386719,29460700,0.0
2026-03-26,GOOGL,287.7381369232671,287.7781215852462,278.33375052565475,280.7523193359375,39080600,0.0
2026-03-27,GOOGL,277.1144865271076,279.203235317384,273.7864876697142,274.1762390136719,35890600,0.0
2026-03-30,GOOGL,276.2550012483934,276.9245842043685,271.9475460941929,273.33673095703125,35141200,0.0
2026-03-31,GOOGL,277.87403020607053,287.9080147834651,276.9245851168754,287.3883361816406,43875400,0.0
2026-04-01,GOOGL,290.6663854824321,300.34059988895723,290.23664948178913,297.2124938964844,37684500,0.0
2026-04-02,GOOGL,290.5164904801884,297.90206355243157,289.2772403921399,295.59344482421875,21666500,0.0
2026-04-06,GOOGL,295.69337737406744,300.4405418912755,295.0037868253031,299.8109130859375,16945500,0.0
2026-04-07,GOOGL,302.54929810267237,305.4475608650088,297.5422790326475,305.27764892578125,23205400,0.0
2026-04-08,GOOGL,320.25872115869026,321.88772251879675,314.8319393907938,317.1305847167969,33547100,0.0
2026-04-09,GOOGL,315.72141928886384,319.3492572184689,310.8743084256086,318.29986572265625,23739200,0.0
2026-04-10,GOOGL,319.8289680511782,321.6378852163977,316.1311948927162,317.0506286621094,19152600,0.0
2026-04-13,GOOGL,316.9507009019676,321.43801087893695,315.28168437302884,321.1181945800781,18866400,0.0
2026-04-14,GOOGL,324.59612530340485,333.09105123243734,323.5567375910905,332.7112731933594,27721400,0.0
2026-04-15,GOOGL,332.69130668872015,337.278563176308,330.70247381548376,336.91876220703125,24918800,0.0
2026-04-16,GOOGL,338.5477782390461,339.67710854893676,334.3202924195682,335.81939697265625,20541500,0.0
2026-04-17,GOOGL,337.4484504303517,342.1156763245155,336.0392884001999,341.4760437011719,25581900,0.0
2026-04-20,GOOGL,340.55660000710446,341.1962021124509,336.40905286572576,337.2185974121094,18784200,0.0
2026-04-21,GOOGL,337.48841459650436,339.13742351057505,331.1522029907326,332.0916442871094,23123800,0.0
2026-04-22,GOOGL,336.818816762841,339.6171637007564,334.96994545488326,339.1174621582031,20293000,0.0
2026-04-23,GOOGL,340.9763246437424,341.7558578013153,335.97930940305434,338.6877136230469,18650300,0.0
2026-04-24,GOOGL,338.5277988797623,345.06387272769797,335.1897964239415,344.19439697265625,26426100,0.0
2026-04-27,GOOGL,345.77347673538645,352.9691603649003,342.5254168368208,350.130859375,28576900,0.0
2026-04-28,GOOGL,348.34192077884484,352.20963620070955,345.91337868788094,349.5711975097656,27824100,0.0
2026-04-29,GOOGL,347.36252924438134,355.5776236260777,344.0045190996302,349.7311096191406,35376300,0.0
2026-04-30,GOOGL,373.8467067603946,385.6096696957082,365.60163158627074,384.5702819824219,72040000,0.0
2026-05-01,GOOGL,381.4022037517389,386.52914645154755,378.82372671588394,385.45977783203125,30105200,0.0
2026-05-04,GOOGL,385.39979379858875,387.14874909409923,379.56328378663693,383.0212097167969,26298600,0.0
2026-05-05,GOOGL,385.99945170269467,392.58551415458055,383.79074899852696,388.1981201171875,23878600,0.0
2026-05-06,GOOGL,394.0146525811788,399.61131576273664,392.52555179602564,397.8023986816406,31308500,0.0
2026-05-07,GOOGL,399.6812819584635,399.8611671879692,392.4455831227277,397.7524108886719,24433500,0.0
2026-05-08,GOOGL,396.7630105926761,401.76002583943523,396.1233780013978,400.56072998046875,21461800,0.0
2026-05-11,GOOGL,393.41500861238904,397.2027547509894,388.23810807955056,388.40802001953125,30753700,0.0
2026-05-12,GOOGL,387.10877062384725,388.28805889354703,382.541491402114,387.1187744140625,26017500,0.0
2026-05-13,GOOGL,385.3698394939953,403.4590416115898,384.77019153718186,402.3796691894531,28144600,0.0
2026-05-14,GOOGL,397.04285074569174,402.6894719958145,395.6037078837972,400.8305969238281,21136700,0.0
2026-05-15,GOOGL,396.0834349796574,399.30151410906007,392.9452946767326,396.54315185546875,20309700,0.0
2026-05-18,GOOGL,395.4538101055549,408.36608091552193,394.29449886421145,396.70306396484375,26837200,0.0
2026-05-19,GOOGL,396.72302500471704,396.91291402359946,385.8794958446922,387.4285888671875,39545700,0.0
2026-05-20,GOOGL,387.4685872554011,393.62488340369265,382.6714341601505,388.6778564453125,31744400,0.0
2026-05-21,GOOGL,385.46976743485186,392.2656959548347,382.7913440893277,387.4285888671875,24852800,0.0
2026-05-22,GOOGL,387.1187843592316,388.5079387636157,381.54209816202837,382.74139404296875,20442100,0.0
2026-05-26,GOOGL,384.2804712769477,389.0276356997364,382.3716078175452,388.6478576660156,27747400,0.0
2026-05-27,GOOGL,386.4391861502527,393.64487351491664,385.66962629134815,388.5978698730469,23087300,0.0
2026-05-28,GOOGL,387.76839182151133,391.6360768291116,384.9300907577927,389.8971252441406,24357500,0.0
2026-05-29,GOOGL,385.0100143138995,385.0100143138995,378.2340629764561,380.1129455566406,44415800,0.0
2026-06-01,GOOGL,376.2952290661171,378.3340198477676,373.2970198869562,376.14532470703125,28672100,0.0
2026-06-02,GOOGL,366.371163421305,373.31702687507857,358.2260345973877,361.6340026855469,50412300,0.0
2026-06-03,GOOGL,361.81388965190393,366.2312646097652,357.8662353535933,358.77569580078125,55441600,0.0
2026-06-04,GOOGL,358.68575901079333,373.0271992966173,357.99616844622375,371.96783447265625,44055500,0.0
2026-06-05,GOOGL,366.1213024821565,371.8578661166277,363.90262653478294,368.30999755859375,37471200,0.0
2026-06-08,GOOGL,365.17999267578125,366.20001220703125,360.5299987792969,363.30999755859375,27942500,0.0
2026-06-09,GOOGL,367.0899963378906,372.0799865722656,357.29998779296875,364.260009765625,29535100,0.0
2026-06-10,GOOGL,363.19000244140625,368.55999755859375,355.20001220703125,356.3800048828125,32357100,0.0
2026-06-11,GOOGL,355.92999267578125,358.79998779296875,346.3599853515625,357.7699890136719,35538200,0.0
2026-06-12,GOOGL,362.6199951171875,366.57000732421875,354.94000244140625,359.67999267578125,24704600,0.0
2025-12-15,AMZN,227.92999267578125,227.92999267578125,221.5,222.5399932861328,47286100,0.0
2025-12-16,AMZN,223.0399932861328,223.66000366210938,221.1300048828125,222.55999755859375,39298900,0.0
2025-12-17,AMZN,224.66000366210938,225.19000244140625,220.99000549316406,221.27000427246094,44034400,0.0
2025-12-18,AMZN,225.7100067138672,229.22999572753906,224.41000366210938,226.75999450683594,50272400,0.0
2025-12-19,AMZN,226.75999450683594,229.1300048828125,225.5800018310547,227.35000610351562,85544400,0.0
2025-12-22,AMZN,228.61000061035156,229.47999572753906,226.7100067138672,228.42999267578125,32261300,0.0
2025-12-23,AMZN,229.05999755859375,232.4499969482422,228.72999572753906,232.13999938964844,29230200,0.0
2025-12-24,AMZN,232.1300048828125,232.9499969482422,231.3300018310547,232.3800048828125,11420500,0.0
2025-12-26,AMZN,232.0399932861328,232.99000549316406,231.17999267578125,232.52000427246094,15994700,0.0
2025-12-29,AMZN,231.94000244140625,232.60000610351562,230.77000427246094,232.07000732421875,19797900,0.0
2025-12-30,AMZN,231.2100067138672,232.77000427246094,230.1999969482422,232.52999877929688,21910500,0.0
2025-12-31,AMZN,232.91000366210938,232.99000549316406,230.1199951171875,230.82000732421875,24383700,0.0
2026-01-02,AMZN,231.33999633789062,235.4600067138672,224.6999969482422,226.5,51456200,0.0
2026-01-05,AMZN,228.83999633789062,234.0,227.17999267578125,233.05999755859375,49733300,0.0
2026-01-06,AMZN,232.10000610351562,243.17999267578125,232.07000732421875,240.92999267578125,53764700,0.0
2026-01-07,AMZN,239.61000061035156,245.2899932861328,239.52000427246094,241.55999755859375,42236500,0.0
2026-01-08,AMZN,243.05999755859375,246.41000366210938,241.8800048828125,246.2899932861328,39509800,0.0
2026-01-09,AMZN,244.57000732421875,247.86000061035156,242.24000549316406,247.3800048828125,34560000,0.0
2026-01-12,AMZN,246.72999572753906,248.94000244140625,245.9600067138672,246.47000122070312,35867800,0.0
2026-01-13,AMZN,246.52999877929688,247.66000366210938,240.25,242.60000610351562,38371800,0.0
2026-01-14,AMZN,241.14999389648438,241.27999877929688,236.22000122070312,236.64999389648438,41410600,0.0
2026-01-15,AMZN,239.30999755859375,240.64999389648438,236.6300048828125,238.17999267578125,43003600,0.0
2026-01-16,AMZN,239.08999633789062,239.57000732421875,236.41000366210938,239.1199951171875,45888300,0.0
2026-01-20,AMZN,233.75999450683594,235.08999633789062,229.33999633789062,231.0,47737900,0.0
2026-01-21,AMZN,231.08999633789062,232.3000030517578,226.8800048828125,231.30999755859375,47276100,0.0
2026-01-22,AMZN,234.0500030517578,235.72000122070312,230.89999389648438,234.33999633789062,31913300,0.0
2026-01-23,AMZN,234.9600067138672,240.4499969482422,234.57000732421875,239.16000366210938,33778500,0.0
2026-01-26,AMZN,239.97999572753906,240.9499969482422,237.5399932861328,238.4199981689453,32825500,0.0
2026-01-27,AMZN,239.69000244140625,244.8800048828125,238.0800018310547,244.67999267578125,38029200,0.0
2026-01-28,AMZN,246.3699951171875,247.77999877929688,241.52999877929688,243.00999450683594,40882700,0.0
2026-01-29,AMZN,242.82000732421875,243.0,236.74000549316406,241.72999572753906,47229600,0.0
2026-01-30,AMZN,239.88999938964844,243.32000732421875,237.63999938964844,239.3000030517578,46585000,0.0
2026-02-02,AMZN,238.30999755859375,245.6300048828125,238.1699981689453,242.9600067138672,37546100,0.0
2026-02-03,AMZN,244.97999572753906,246.35000610351562,235.4499969482422,238.6199951171875,53831300,0.0
2026-02-04,AMZN,238.86000061035156,238.86000061035156,231.82000732421875,232.99000549316406,51299900,0.0
2026-02-05,AMZN,224.91000366210938,226.30999755859375,220.3800048828125,222.69000244140625,103509200,0.0
2026-02-06,AMZN,202.6999969482422,211.44000244140625,200.30999755859375,210.32000732421875,179210900,0.0
2026-02-09,AMZN,208.97000122070312,212.80999755859375,203.35000610351562,208.72000122070312,91178400,0.0
2026-02-10,AMZN,208.8000030517578,212.64999389648438,206.41000366210938,206.9600067138672,67175000,0.0
2026-02-11,AMZN,208.05999755859375,208.57000732421875,202.49000549316406,204.0800018310547,65545500,0.0
2026-02-12,AMZN,203.9600067138672,203.9600067138672,197.55999755859375,199.60000610351562,83975400,0.0
2026-02-13,AMZN,198.8800048828125,201.16000366210938,197.27999877929688,198.7899932861328,66321600,0.0
2026-02-17,AMZN,198.1300048828125,201.74000549316406,196.0,201.14999389648438,69879200,0.0
2026-02-18,AMZN,202.07000732421875,206.86000061035156,201.50999450683594,204.7899932861328,51003300,0.0
2026-02-19,AMZN,203.8000030517578,205.63999938964844,202.80999755859375,204.86000061035156,35669600,0.0
2026-02-20,AMZN,204.75999450683594,211.1699981689453,203.75,210.11000061035156,65881600,0.0
2026-02-23,AMZN,208.10000610351562,208.42999267578125,203.11000061035156,205.27000427246094,53581500,0.0
2026-02-24,AMZN,205.47000122070312,210.36000061035156,203.25,208.55999755859375,41137200,0.0
2026-02-25,AMZN,210.4600067138672,211.58999633789062,208.92999267578125,210.63999938964844,41346400,0.0
2026-02-26,AMZN,210.72999572753906,211.0500030517578,205.35000610351562,207.9199981689453,47756800,0.0
2026-02-27,AMZN,206.8300018310547,210.3300018310547,205.1999969482422,210.0,57422800,0.0
2026-03-02,AMZN,204.5500030517578,209.72999572753906,203.4600067138672,208.38999938964844,46001000,0.0
2026-03-03,AMZN,203.10000610351562,209.17999267578125,202.47999572753906,208.72999572753906,43184900,0.0
2026-03-04,AMZN,210.47000122070312,217.5399932861328,210.14999389648438,216.82000732421875,54731100,0.0
2026-03-05,AMZN,215.97999572753906,220.47000122070312,215.58999633789062,218.94000244140625,60943400,0.0
2026-03-06,AMZN,214.99000549316406,217.32000732421875,212.52999877929688,213.2100067138672,51152700,0.0
2026-03-09,AMZN,210.4499969482422,213.82000732421875,207.11000061035156,213.49000549316406,54642900,0.0
2026-03-10,AMZN,214.19000244140625,215.64999389648438,212.42999267578125,214.3300018310547,35678800,0.0
2026-03-11,AMZN,215.7100067138672,217.0,211.35000610351562,212.64999389648438,34199300,0.0
2026-03-12,AMZN,210.38999938964844,211.7100067138672,208.14999389648438,209.52999877929688,44349500,0.0
2026-03-13,AMZN,209.61000061035156,210.55999755859375,206.22000122070312,207.6699981689453,35662100,0.0
2026-03-16,AMZN,208.35000610351562,212.72000122070312,207.4499969482422,211.74000549316406,42209300,0.0
2026-03-17,AMZN,212.82000732421875,215.6999969482422,212.42999267578125,215.1999969482422,44969900,0.0
2026-03-18,AMZN,213.92999267578125,215.13999938964844,208.8300018310547,209.8699951171875,37846600,0.0
2026-03-19,AMZN,207.05999755859375,209.1199951171875,206.0500030517578,208.75999450683594,36440600,0.0
2026-03-20,AMZN,207.39999389648438,207.5399932861328,204.32000732421875,205.3699951171875,63694600,0.0
2026-03-23,AMZN,209.7899932861328,212.8000030517578,209.50999450683594,210.13999938964844,44277400,0.0
2026-03-24,AMZN,207.9499969482422,209.35000610351562,206.63999938964844,207.24000549316406,35351400,0.0
2026-03-25,AMZN,211.55999755859375,213.07000732421875,209.89999389648438,211.7100067138672,36388800,0.0
2026-03-26,AMZN,210.61000061035156,212.88999938964844,207.1199951171875,207.5399932861328,46746000,0.0
2026-03-27,AMZN,206.4600067138672,206.60000610351562,199.13999938964844,199.33999633789062,56009800,0.0
2026-03-30,AMZN,201.47999572753906,203.8000030517578,199.97999572753906,200.9499969482422,46373800,0.0
2026-03-31,AMZN,204.85000610351562,210.27999877929688,204.13999938964844,208.27000427246094,58470100,0.0
2026-04-01,AMZN,210.44000244140625,213.5800018310547,208.19000244140625,210.57000732421875,45955400,0.0
2026-04-02,AMZN,206.5399932861328,212.2100067138672,204.89999389648438,209.77000427246094,31453000,0.0
2026-04-06,AMZN,209.8000030517578,212.9499969482422,209.58999633789062,212.7899932861328,25385500,0.0
2026-04-07,AMZN,211.24000549316406,213.97000122070312,209.0800018310547,213.77000427246094,28154600,0.0
2026-04-08,AMZN,223.7899932861328,226.10000610351562,219.6199951171875,221.25,51092700,0.0
2026-04-09,AMZN,225.22999572753906,233.8000030517578,223.27000427246094,233.64999389648438,65964200,0.0
2026-04-10,AMZN,235.3000030517578,240.42999267578125,235.2100067138672,238.3800048828125,56912800,0.0
2026-04-13,AMZN,237.4499969482422,240.0,235.75,239.88999938964844,42166200,0.0
2026-04-14,AMZN,241.77999877929688,252.17999267578125,241.77999877929688,249.02000427246094,72685000,0.0
2026-04-15,AMZN,249.25,250.44000244140625,247.1999969482422,248.5,43045200,0.0
2026-04-16,AMZN,248.50999450683594,250.0,244.1999969482422,249.6999969482422,41895700,0.0
2026-04-17,AMZN,254.99000549316406,256.17999267578125,250.11000061035156,250.55999755859375,52029300,0.0
2026-04-20,AMZN,249.19000244140625,250.17999267578125,245.3699951171875,248.27999877929688,39463100,0.0
2026-04-21,AMZN,255.08999633789062,255.08999633789062,249.10000610351562,249.91000366210938,42922400,0.0
2026-04-22,AMZN,252.44000244140625,255.94000244140625,250.3300018310547,255.36000061035156,36065100,0.0
2026-04-23,AMZN,255.38999938964844,258.7900085449219,253.07000732421875,255.0800018310547,39091400,0.0
2026-04-24,AMZN,259.9800109863281,264.5,257.69000244140625,263.989990234375,53777400,0.0
2026-04-27,AMZN,263.4599914550781,264.1499938964844,260.3399963378906,261.1199951171875,44906800,0.0
2026-04-28,AMZN,258.3900146484375,261.0299987792969,256.6300048828125,259.70001220703125,42204400,0.0
2026-04-29,AMZN,257.989990234375,265.9100036621094,257.70001220703125,263.0400085449219,72367900,0.0
2026-04-30,AMZN,273.1700134277344,273.8800048828125,256.1600036621094,265.05999755859375,100974900,0.0
2026-05-01,AMZN,265.5799865722656,273.32000732421875,262.739990234375,268.260009765625,50825200,0.0
2026-05-04,AMZN,268.79998779296875,276.1000061035156,268.79998779296875,272.04998779296875,49083700,0.0
2026-05-05,AMZN,276.0799865722656,278.55999755859375,272.3800048828125,273.54998779296875,41908500,0.0
2026-05-06,AMZN,272.8900146484375,277.79998779296875,272.2099914550781,274.989990234375,44552000,0.0
2026-05-07,AMZN,275.0199890136719,276.6300048828125,270.489990234375,271.1700134277344,35892900,0.0
2026-05-08,AMZN,271.6300048828125,274.0,269.95001220703125,272.67999267578125,34732700,0.0
2026-05-11,AMZN,269.8399963378906,273.6300048828125,268.4800109863281,268.989990234375,38176700,0.0
2026-05-12,AMZN,266.7099914550781,267.6499938964844,262.6300048828125,265.82000732421875,36776200,0.0
2026-05-13,AMZN,264.42999267578125,270.7200012207031,263.20001220703125,270.1300048828125,39670900,0.0
2026-05-14,AMZN,269.1499938964844,270.7799987792969,266.6300048828125,267.2200012207031,31338400,0.0
2026-05-15,AMZN,262.5,264.3599853515625,260.8900146484375,264.1400146484375,40770300,0.0
2026-05-18,AMZN,263.8699951171875,268.8500061035156,262.5299987792969,264.8599853515625,33690800,0.0
2026-05-19,AMZN,262.0400085449219,262.25,255.19000244140625,259.3399963378906,40340700,0.0
2026-05-20,AMZN,260.04998779296875,265.5799865722656,259.5299987792969,265.010009765625,34933200,0.0
2026-05-21,AMZN,263.5,269.489990234375,261.3699951171875,268.4599914550781,36591700,0.0
2026-05-22,AMZN,268.6600036621094,269.7900085449219,266.239990234375,266.32000732421875,27535500,0.0
2026-05-26,AMZN,267.94000244140625,269.29998779296875,262.07000732421875,265.2900085449219,38028100,0.0
2026-05-27,AMZN,266.1499938964844,272.4100036621094,265.70001220703125,271.8500061035156,40061900,0.0
2026-05-28,AMZN,272.2699890136719,274.5,267.44000244140625,274.0,40630400,0.0
2026-05-29,AMZN,271.2900085449219,274.75,269.6400146484375,270.6400146484375,54749600,0.0
2026-06-01,AMZN,266.2900085449219,266.6300048828125,260.70001220703125,261.260009765625,53604400,0.0
2026-06-02,AMZN,257.1600036621094,261.20001220703125,254.3699951171875,256.5199890136719,41811000,0.0
2026-06-03,AMZN,254.6999969482422,257.0899963378906,247.7100067138672,250.02000427246094,51394200,0.0
2026-06-04,AMZN,253.1199951171875,255.8300018310547,251.75,253.7899932861328,35609800,0.0
2026-06-05,AMZN,254.25999450683594,256.3800048828125,245.77999877929688,246.02999877929688,55607800,0.0
2026-06-08,AMZN,246.67999267578125,249.4199981689453,243.36000061035156,245.22000122070312,33899500,0.0
2026-06-09,AMZN,247.72999572753906,250.42999267578125,240.39999389648438,244.19000244140625,44425400,0.0
2026-06-10,AMZN,243.61000061035156,244.07000732421875,237.4499969482422,238.0,38590200,0.0
2026-06-11,AMZN,237.92999267578125,242.13999938964844,235.17999267578125,241.50999450683594,41335400,0.0
2026-06-12,AMZN,243.2100067138672,243.36000061035156,233.58999633789062,238.5500030517578,51186600,0.0
2025-12-15,TSLA,469.44000244140625,481.7699890136719,467.6600036621094,475.30999755859375,114542200,0.0
2025-12-16,TSLA,472.2099914550781,491.5,465.8299865722656,489.8800048828125,107608100,0.0
2025-12-17,TSLA,488.2200012207031,495.2799987792969,466.20001220703125,467.260009765625,106490400,0.0
2025-12-18,TSLA,478.1600036621094,490.8599853515625,473.1199951171875,483.3699951171875,95168400,0.0
2025-12-19,TSLA,488.1199951171875,490.489990234375,474.7200012207031,481.20001220703125,103305400,0.0
2025-12-22,TSLA,489.8800048828125,498.8299865722656,485.3299865722656,488.7300109863281,86916100,0.0
2025-12-23,TSLA,489.3999938964844,491.9700012207031,482.8399963378906,485.55999755859375,58223600,0.0
2025-12-24,TSLA,488.4800109863281,490.8999938964844,476.79998779296875,485.3999938964844,41285400,0.0
2025-12-26,TSLA,485.2300109863281,489.0899963378906,473.82000732421875,475.19000244140625,58780700,0.0
2025-12-29,TSLA,469.0,469.3999938964844,459.0,459.6400146484375,66263000,0.0
2025-12-30,TSLA,461.0899963378906,463.1199951171875,453.8299865722656,454.42999267578125,59238500,0.0
2025-12-31,TSLA,456.1000061035156,456.54998779296875,449.29998779296875,449.7200012207031,49078000,0.0
2026-01-02,TSLA,457.79998779296875,458.3399963378906,435.29998779296875,438.07000732421875,85535400,0.0
2026-01-05,TSLA,447.989990234375,457.54998779296875,444.57000732421875,451.6700134277344,67940800,0.0
2026-01-06,TSLA,446.3800048828125,448.25,428.7799987792969,432.9599914550781,89093800,0.0
2026-01-07,TSLA,435.8999938964844,438.3699951171875,431.2900085449219,431.4100036621094,59828800,0.0
2026-01-08,TSLA,427.8900146484375,436.8900146484375,424.3699951171875,435.79998779296875,57041100,0.0
2026-01-09,TSLA,435.95001220703125,449.04998779296875,430.3900146484375,445.010009765625,67331500,0.0
2026-01-12,TSLA,441.2300109863281,454.29998779296875,438.0,448.9599914550781,61649600,0.0
2026-01-13,TSLA,450.20001220703125,451.80999755859375,443.95001220703125,447.20001220703125,53719200,0.0
2026-01-14,TSLA,442.80999755859375,443.9100036621094,434.2200012207031,439.20001220703125,57259500,0.0
2026-01-15,TSLA,441.1300048828125,445.3599853515625,437.6499938964844,438.57000732421875,49465800,0.0
2026-01-16,TSLA,439.5,447.25,435.260009765625,437.5,60220600,0.0
2026-01-20,TSLA,429.3599853515625,430.7300109863281,417.44000244140625,419.25,63187300,0.0
2026-01-21,TSLA,421.6600036621094,438.20001220703125,419.6199951171875,431.44000244140625,68124000,0.0
2026-01-22,TSLA,435.1600036621094,449.5,432.6300048828125,449.3599853515625,71546700,0.0
2026-01-23,TSLA,447.42999267578125,452.42999267578125,444.0400085449219,449.05999755859375,56771400,0.0
2026-01-26,TSLA,445.0,445.0400085449219,434.2799987792969,435.20001220703125,49397400,0.0
2026-01-27,TSLA,437.4100036621094,437.5199890136719,430.69000244140625,430.8999938964844,37733100,0.0
2026-01-28,TSLA,431.9100036621094,438.260009765625,430.1000061035156,431.4599914550781,54857400,0.0
2026-01-29,TSLA,437.79998779296875,440.2300109863281,414.6199951171875,416.55999755859375,81686100,0.0
2026-01-30,TSLA,425.3500061035156,439.8800048828125,422.70001220703125,430.4100036621094,82626100,0.0
2026-02-02,TSLA,421.2900085449219,427.1499938964844,414.5,421.80999755859375,58739500,0.0
2026-02-03,TSLA,424.2699890136719,428.55999755859375,413.69000244140625,421.9599914550781,56886500,0.0
2026-02-04,TSLA,420.4599914550781,423.8999938964844,399.17999267578125,406.010009765625,74606900,0.0
2026-02-05,TSLA,397.0199890136719,402.1000061035156,387.5299987792969,397.2099914550781,72819800,0.0
2026-02-06,TSLA,400.8699951171875,414.54998779296875,397.75,411.1099853515625,62677100,0.0
2026-02-09,TSLA,409.9100036621094,421.25,407.2900085449219,417.32000732421875,54484300,0.0
2026-02-10,TSLA,418.0799865722656,427.25,417.0,425.2099914550781,64450200,0.0
2026-02-11,TSLA,427.9599914550781,436.3500061035156,420.0299987792969,428.2699890136719,57362000,0.0
2026-02-12,TSLA,430.29998779296875,436.2300109863281,414.0,417.07000732421875,61933400,0.0
2026-02-13,TSLA,414.30999755859375,424.05999755859375,410.8800048828125,417.44000244140625,51434100,0.0
2026-02-17,TSLA,412.3599853515625,413.7200012207031,400.510009765625,410.6300048828125,59678800,0.0
2026-02-18,TSLA,411.1099853515625,416.8999938964844,409.5799865722656,411.32000732421875,45921400,0.0
2026-02-19,TSLA,407.25,415.25,404.1099853515625,411.7099914550781,51019600,0.0
2026-02-20,TSLA,408.29998779296875,414.70001220703125,405.5,411.82000732421875,57912200,0.0
2026-02-23,TSLA,407.2900085449219,407.70001220703125,394.0400085449219,399.8299865722656,69680000,0.0
2026-02-24,TSLA,399.5,410.82000732421875,397.6400146484375,409.3800048828125,58579500,0.0
2026-02-25,TSLA,412.1499938964844,420.3399963378906,412.1499938964844,417.3999938964844,54809700,0.0
2026-02-26,TSLA,414.4200134277344,416.80999755859375,403.6600036621094,408.5799865722656,53602500,0.0
2026-02-27,TSLA,402.94000244140625,407.1199951171875,398.1099853515625,402.510009765625,56890100,0.0
2026-03-02,TSLA,390.6000061035156,404.5400085449219,388.25,403.32000732421875,55088300,0.0
2026-03-03,TSLA,395.0899963378906,396.3399963378906,385.3900146484375,392.42999267578125,62617300,0.0
2026-03-04,TSLA,397.8500061035156,408.3299865722656,394.5799865722656,405.94000244140625,68305500,0.0
2026-03-05,TSLA,401.57000732421875,408.6199951171875,399.4200134277344,405.54998779296875,51925900,0.0
2026-03-06,TSLA,398.0899963378906,402.3500061035156,394.2099914550781,396.7300109863281,64054600,0.0
2026-03-09,TSLA,390.04998779296875,401.5899963378906,381.3999938964844,398.67999267578125,67018900,0.0
2026-03-10,TSLA,402.2200012207031,406.5899963378906,398.19000244140625,399.239990234375,59258700,0.0
2026-03-11,TSLA,402.2799987792969,416.3800048828125,402.1499938964844,407.82000732421875,62559900,0.0
2026-03-12,TSLA,405.17999267578125,406.5,394.6499938964844,395.010009765625,60973800,0.0
2026-03-13,TSLA,399.1700134277344,400.20001220703125,389.95001220703125,391.20001220703125,58504100,0.0
2026-03-16,TSLA,396.2200012207031,403.7300109863281,394.4200134277344,395.55999755859375,58068300,0.0
2026-03-17,TSLA,395.69000244140625,400.1199951171875,393.0,399.2699890136719,46890500,0.0
2026-03-18,TSLA,399.0,403.07000732421875,392.30999755859375,392.7799987792969,50853100,0.0
2026-03-19,TSLA,387.2699890136719,387.2699890136719,378.7300109863281,380.29998779296875,67078300,0.0
2026-03-20,TSLA,379.8500061035156,379.8900146484375,364.4599914550781,367.9599914550781,78628600,0.0
2026-03-23,TSLA,373.0899963378906,385.3299865722656,372.7300109863281,380.8500061035156,74606000,0.0
2026-03-24,TSLA,376.55999755859375,387.4800109863281,376.30999755859375,383.0299987792969,60004900,0.0
2026-03-25,TSLA,389.989990234375,396.2300109863281,385.010009765625,385.95001220703125,55157300,0.0
2026-03-26,TSLA,381.6000061035156,384.44000244140625,371.8699951171875,372.1099853515625,55522900,0.0
2026-03-27,TSLA,369.69000244140625,369.8599853515625,359.4700012207031,361.8299865722656,62065700,0.0
2026-03-30,TSLA,365.8599853515625,367.2900085449219,352.1400146484375,355.2799987792969,67954400,0.0
2026-03-31,TSLA,361.510009765625,373.3299865722656,361.0,371.75,75534900,0.0
2026-04-01,TSLA,378.6300048828125,383.1400146484375,374.0799865722656,381.260009765625,58683800,0.0
2026-04-02,TSLA,364.20001220703125,370.2799987792969,359.0299987792969,360.5899963378906,83031200,0.0
2026-04-06,TSLA,362.5899963378906,367.7200012207031,346.6400146484375,352.82000732421875,77697600,0.0
2026-04-07,TSLA,346.44000244140625,348.0199890136719,337.239990234375,346.6499938964844,74515400,0.0
2026-04-08,TSLA,363.7900085449219,364.5,339.6700134277344,343.25,78838600,0.0
2026-04-09,TSLA,343.1499938964844,348.8800048828125,337.25,345.6199951171875,62164000,0.0
2026-04-10,TSLA,346.2900085449219,350.3599853515625,342.739990234375,348.95001220703125,51336000,0.0
2026-04-13,TSLA,350.07000732421875,356.3500061035156,348.57000732421875,352.4200134277344,53617500,0.0
2026-04-14,TSLA,357.6700134277344,367.6300048828125,354.7699890136719,364.20001220703125,59979600,0.0
2026-04-15,TSLA,366.8299865722656,394.6499938964844,362.5,391.95001220703125,113810400,0.0
2026-04-16,TSLA,393.80999755859375,394.05999755859375,381.79998779296875,388.8999938964844,63515100,0.0
2026-04-17,TSLA,395.9200134277344,409.2799987792969,391.6499938964844,400.6199951171875,90640000,0.0
2026-04-20,TSLA,402.5799865722656,406.79998779296875,388.3299865722656,392.5,64603900,0.0
2026-04-21,TSLA,393.0,393.95001220703125,385.2200012207031,386.4200134277344,50530600,0.0
2026-04-22,TSLA,387.57000732421875,393.010009765625,385.29998779296875,387.510009765625,62362800,0.0
2026-04-23,TSLA,375.2799987792969,386.0,368.3900146484375,373.7200012207031,93969500,0.0
2026-04-24,TSLA,373.5,382.760009765625,370.7300109863281,376.29998779296875,62893300,0.0
2026-04-27,TSLA,372.0899963378906,380.7799987792969,364.0199890136719,378.6700134277344,66735800,0.0
2026-04-28,TSLA,374.67999267578125,382.2900085449219,372.5400085449219,376.0199890136719,50864400,0.0
2026-04-29,TSLA,375.3999938964844,376.3999938964844,370.0400085449219,372.79998779296875,45384800,0.0
2026-04-30,TSLA,372.75,384.75,368.1700134277344,381.6300048828125,51076000,0.0
2026-05-01,TSLA,382.489990234375,397.82000732421875,378.79998779296875,390.82000732421875,65338300,0.0
2026-05-04,TSLA,390.2300109863281,394.6400146484375,384.79998779296875,392.510009765625,48765100,0.0
2026-05-05,TSLA,395.19000244140625,402.1199951171875,389.0,389.3699951171875,47780600,0.0
2026-05-06,TSLA,386.25,401.67999267578125,384.0199890136719,398.7300109863281,53465400,0.0
2026-05-07,TSLA,407.4800109863281,415.8299865722656,402.1199951171875,411.7900085449219,64294200,0.0
2026-05-08,TSLA,416.4800109863281,431.20001220703125,416.3900146484375,428.3500061035156,65050000,0.0
2026-05-11,TSLA,422.1600036621094,449.1600036621094,416.79998779296875,445.0,78376100,0.0
2026-05-12,TSLA,441.4100036621094,447.79998779296875,422.260009765625,433.45001220703125,60569300,0.0
2026-05-13,TSLA,436.6700134277344,453.3999938964844,430.2099914550781,445.2699890136719,68283200,0.0
2026-05-14,TSLA,446.489990234375,451.9800109863281,441.1600036621094,443.29998779296875,46070400,0.0
2026-05-15,TSLA,433.9800109863281,434.6600036621094,422.0,422.239990234375,52688700,0.0
2026-05-18,TSLA,419.2699890136719,421.1300048828125,405.3299865722656,409.989990234375,52474200,0.0
2026-05-19,TSLA,403.1600036621094,405.6300048828125,393.6300048828125,404.1099853515625,46500600,0.0
2026-05-20,TSLA,407.6000061035156,417.4599914550781,406.3900146484375,417.260009765625,45294700,0.0
2026-05-21,TSLA,422.17999267578125,426.95001220703125,412.8999938964844,417.8500061035156,42636900,0.0
2026-05-22,TSLA,422.6700134277344,431.510009765625,420.510009765625,426.010009765625,46104700,0.0
2026-05-26,TSLA,430.260009765625,435.20001220703125,426.1199951171875,433.5899963378906,45658900,0.0
2026-05-27,TSLA,442.8900146484375,445.6000061035156,435.5199890136719,440.3599853515625,44656500,0.0
2026-05-28,TSLA,437.6199951171875,443.9599914550781,436.29998779296875,442.1000061035156,32435000,0.0
2026-05-29,TSLA,439.8500061035156,441.07000732421875,428.1400146484375,435.7900085449219,45176800,0.0
2026-06-01,TSLA,427.489990234375,429.6000061035156,415.42999267578125,415.8800048828125,44937900,0.0
2026-06-02,TSLA,418.2200012207031,424.4200134277344,413.6499938964844,423.739990234375,37596000,0.0
2026-06-03,TSLA,418.70001220703125,433.6000061035156,416.0,423.70001220703125,44500700,0.0
2026-06-04,TSLA,419.8399963378906,426.3500061035156,417.1600036621094,418.45001220703125,35323300,0.0
2026-06-05,TSLA,420.5,424.67999267578125,388.5899963378906,391.0,63420200,0.0
2026-06-08,TSLA,396.3299865722656,412.94000244140625,394.7200012207031,408.95001220703125,50328800,0.0
2026-06-09,TSLA,411.0299987792969,418.5,384.239990234375,396.67999267578125,59940200,0.0
2026-06-10,TSLA,391.5400085449219,397.0899963378906,380.1499938964844,381.5899963378906,49695600,0.0
2026-06-11,TSLA,388.2799987792969,399.5400085449219,380.6600036621094,399.1499938964844,45324300,0.0
2026-06-12,TSLA,399.489990234375,406.67999267578125,386.760009765625,406.42999267578125,63514500,0.0
2025-12-15,NVDA,177.7232402429772,178.20265125135413,174.8167814768023,176.0752410888672,164775600,0.0
2025-12-16,NVDA,176.0452813318811,178.27257580423,174.68693742218818,177.50350952148438,148588100,0.0
2025-12-17,NVDA,175.88548356566727,175.91544580087532,170.10252832729947,170.7317657470703,222775500,0.0
2025-12-18,NVDA,174.3173807251694,175.93540231223645,171.6106906687844,173.9278564453125,176096000,0.0
2025-12-19,NVDA,176.45477147838753,181.2289470656948,176.12517166919682,180.76951599121094,324925900,0.0
2025-12-22,NVDA,183.6959478478248,183.935660967629,182.1278683380167,183.4662322998047,129064400,0.0
2025-12-23,NVDA,182.7471036477755,189.099356383118,182.67718160782493,188.97950744628906,174873600,0.0
2025-12-24,NVDA,187.71105179508496,188.67987134928,186.36269028434322,188.38023376464844,65528500,0.0
2025-12-26,NVDA,189.68863982420257,192.45526970950266,187.7709805748158,190.2978973388672,139740300,0.0
2025-12-29,NVDA,187.4813341773615,188.53004285167208,185.68352392965699,187.99070739746094,120006100,0.0
2025-12-30,NVDA,188.01069817319677,188.75978454971104,186.70228116711607,187.31153869628906,97687300,0.0
2025-12-31,NVDA,189.33907943283364,190.32786369396138,186.26282955778902,186.27281188964844,120100500,0.0
2026-01-02,NVDA,189.60873357074172,192.69496568024334,188.03065649528438,188.6199493408203,148240500,0.0
2026-01-05,NVDA,191.52640398377517,193.39413642527967,185.9232371396652,187.89083862304688,183529700,0.0
2026-01-06,NVDA,190.2879203285983,191.935904267691,186.5924305704924,187.0119171142578,176862600,0.0
2026-01-07,NVDA,188.34028795646717,191.13686475404677,186.3327268208183,188.87962341308594,153543200,0.0
2026-01-08,NVDA,188.87963997886857,189.31910643994627,183.48622397884648,184.81459045410156,172457000,0.0
2026-01-09,NVDA,184.8545293482555,186.1129888751533,183.44624341374129,184.63479614257812,131327500,0.0
2026-01-12,NVDA,182.99680052530172,186.89204340473577,182.79704721562317,184.71470642089844,137968500,0.0
2026-01-13,NVDA,184.7746378408776,187.88084992986475,183.17658082293008,185.58364868164062,160128900,0.0
2026-01-14,NVDA,184.0954557419801,184.23528457453645,180.57973978602013,182.91688537597656,159586100,0.0
2026-01-15,NVDA,186.27281050248445,189.46890929684608,186.103019420931,186.8221435546875,206188600,0.0
2026-01-16,NVDA,188.84966224271636,190.20800608356458,185.85331687968656,186.0031280517578,187967200,0.0
2026-01-20,NVDA,181.67839380225757,182.1578200140757,177.39362681050815,177.8530731201172,223345300,0.0
2026-01-21,NVDA,178.8318922054109,185.15418310637224,178.18267486272933,183.09669494628906,200381000,0.0
2026-01-22,NVDA,184.52493568425237,185.94320399708803,183.70592730123704,184.6148223876953,139636600,0.0
2026-01-23,NVDA,187.27158465782284,189.3690325020707,186.59242035942677,187.44137573242188,142748100,0.0
2026-01-26,NVDA,186.93200550896393,188.88960930416175,185.76343263076708,186.2428436279297,124799600,0.0
2026-01-27,NVDA,187.01190478720812,189.76853699604698,185.47377232125424,188.29034423828125,143711600,0.0
2026-01-28,NVDA,191.03700193406064,192.1156881225865,189.60873601436586,191.2866973876953,148552700,0.0
2026-01-29,NVDA,191.10690928022157,193.244301759811,185.83334250366076,192.27548217773438,171764400,0.0
2026-01-30,NVDA,190.97707539362895,194.25307849059112,189.23918956869622,190.8971710205078,179489500,0.0
2026-02-02,NVDA,186.97195532434574,190.0681850900544,184.6547894061738,185.38389587402344,165794100,0.0
2026-02-03,NVDA,186.01312186532803,186.04308409913696,176.01530661894333,180.12030029296875,204019600,0.0
2026-02-04,NVDA,179.24138264216026,179.36123157735668,171.70057725198066,173.97779846191406,207014100,0.0
2026-02-05,NVDA,174.71688060291817,176.604592702014,170.82163795446576,171.6706085205078,206312900,0.0
2026-02-06,NVDA,176.47474973392875,186.77218713146127,174.3872995354016,185.1841278076172,231346200,0.0
2026-02-09,NVDA,184.03552934237337,193.42408742490235,183.7259094221984,189.80848693847656,196387400,0.0
2026-02-10,NVDA,191.1468699498802,192.24552080983682,187.89083145679504,188.31031799316406,136764800,0.0
2026-02-11,NVDA,192.2155516352278,193.0245624433192,188.54004197866425,189.8184814453125,144192700,0.0
2026-02-12,NVDA,192.79485804306626,193.3741533411549,186.28279615580217,186.7122802734375,189932500,0.0
2026-02-13,NVDA,187.25162028422807,187.27160018883805,181.36879569323744,182.58731079101562,161888000,0.0
2026-02-17,NVDA,181.5285959992061,186.92201173748992,178.9617194034806,184.7446746826172,162276900,0.0
2026-02-18,NVDA,188.52005804720127,190.13807962880853,186.53247684939709,187.75099182128906,164749100,0.0
2026-02-19,NVDA,186.8321237354349,188.20044994409497,185.43383529156333,187.6710968017578,126554500,0.0
2026-02-20,NVDA,186.342734664171,190.09814888521723,185.71349722992974,189.58877563476562,178422300,0.0
2026-02-23,NVDA,191.16683922839312,193.71373598373438,189.3490641935772,191.31666564941406,171584800,0.0
2026-02-24,NVDA,191.2567378902843,193.53395924081437,187.171708627792,192.61508178710938,175123600,0.0
2026-02-25,NVDA,194.2131137016724,197.38924768090467,193.5539140704845,195.32176208496094,250637100,0.0
2026-02-26,NVDA,194.03334246429932,194.0533071271398,184.09546670933034,184.66476440429688,360807900,0.0
2026-02-27,NVDA,181.0292033274304,182.36756729714082,176.1651407824763,176.97415161132812,311636500,0.0
2026-03-02,NVDA,174.79680413295333,183.2365228635074,174.42725972943845,182.25770568847656,209095300,0.0
2026-03-03,NVDA,178.27256086028186,180.67961330625172,176.70446619030554,179.83065795898438,178099400,0.0
2026-03-04,NVDA,180.22019302825058,184.47499807110998,179.84065106191534,182.8170166015625,177731200,0.0
2026-03-05,NVDA,180.94929874286032,183.83577756501342,177.6633132926684,183.1166534423828,198779700,0.0
2026-03-06,NVDA,179.6209064601764,182.5373473445644,176.60459654479845,177.60337829589844,189021900,0.0
2026-03-09,NVDA,176.61458806542097,182.68718325690133,175.34613090826778,182.427490234375,177213600,0.0
2026-03-10,NVDA,182.17779858894656,186.21288569214076,181.7882742872215,184.544921875,179118500,0.0
2026-03-11,NVDA,185.6935753620157,187.40157611978597,184.23526832414757,185.8134307861328,145280400,0.0
2026-03-12,NVDA,183.83574790315467,184.72471123223085,181.53842231669145,182.9268035888672,155762700,0.0
2026-03-13,NVDA,184.70472270189353,185.87335881208497,179.73052445930352,180.0401611328125,160988400,0.0
2026-03-16,NVDA,182.7570048934839,188.66012868968363,181.19882333613754,183.0067138671875,217307400,0.0
2026-03-17,NVDA,184.8445618023411,185.1841623368753,181.4684917186082,181.71820068359375,182497800,0.0
2026-03-18,NVDA,182.26756764801692,183.16652908726184,180.12007659614625,180.1899871826172,156683100,0.0
2026-03-19,NVDA,177.80276430906588,179.77047215436778,175.5853475010711,178.3521270751953,170968500,0.0
2026-03-20,NVDA,177.79278016290237,178.05247199547227,171.52009228430225,172.4989471435547,241323500,0.0
2026-03-23,NVDA,177.0536408486584,178.16234927411983,174.55655117338722,175.43553161621094,182836300,0.0
2026-03-24,NVDA,174.6264683383626,176.01484951930743,173.777451794472,174.99603271484375,147667800,0.0
2026-03-25,NVDA,176.89383761026875,181.00903649280792,176.64412864426953,178.47198486328125,162602100,0.0
2026-03-26,NVDA,175.86504388946904,176.30451888215924,170.9407749866337,171.04066467285156,186152200,0.0
2026-03-27,NVDA,169.80209026823204,170.77096223786808,166.81556566439232,167.32498168945312,196212700,0.0
2026-03-30,NVDA,168.58352034150624,169.25273855906806,164.07877596313077,164.97772216796875,185627000,0.0
2026-03-31,NVDA,166.77563225072552,174.41672082635512,166.7656493784466,174.1969757080078,226181300,0.0
2026-04-01,NVDA,175.79511913229018,177.16351944386196,174.54657425208924,175.54541015625,168132000,0.0
2026-04-02,NVDA,171.97954556798163,177.28337661769746,171.170490985778,177.18348693847656,143143200,0.0
2026-04-06,NVDA,176.953760088437,177.58301630024127,175.55538077559635,177.43319702148438,107564300,0.0
2026-04-07,NVDA,175.52541836668527,178.0225079733855,173.4578360976707,177.89266967773438,132534900,0.0
2026-04-08,NVDA,184.28522303450282,185.0443328296099,180.09011531444295,181.8680419921875,147732700,0.0
2026-04-09,NVDA,181.6283100364998,183.86570786090292,180.40972906189933,183.69590759277344,116428500,0.0
2026-04-10,NVDA,184.09543736125556,189.77881591864653,184.08545448929232,188.41041564941406,160459500,0.0
2026-04-13,NVDA,185.81343445538195,189.43921351677633,185.52377876103736,189.08961486816406,133648200,0.0
2026-04-14,NVDA,190.61783708872017,196.28123474121094,190.54792650193752,196.28123474121094,161307000,0.0
2026-04-15,NVDA,196.31119931453722,200.166706463506,195.5121427945441,198.63848876953125,185338400,0.0
2026-04-16,NVDA,197.20015246424893,199.6173486077875,195.58204328148997,198.1190948486328,134012900,0.0
2026-04-17,NVDA,199.66727910555997,201.46518667284232,199.03802288778024,201.44520568847656,160324400,0.0
2026-04-20,NVDA,199.7471876833392,201.9346406188145,197.6096795882359,201.82476806640625,119381400,0.0
2026-04-21,NVDA,201.89470437258373,202.51397775047528,198.76834314349978,199.64732360839844,107945300,0.0
2026-04-22,NVDA,200.75603026628932,202.26426696777344,198.76834136586132,202.26426696777344,107501000,0.0
2026-04-23,NVDA,202.22431724671497,203.59271751351986,196.99041179336916,199.4075927734375,113561800,0.0
2026-04-24,NVDA,199.72721882416832,210.70441481695215,199.57738430538978,208.0275421142578,214134400,0.0
2026-04-27,NVDA,209.4059296471886,216.5775789683675,207.13858324348888,216.3578338623047,187172400,0.0
2026-04-28,NVDA,209.24613572912838,214.4800260296235,207.95762889823203,212.92184448242188,180275400,0.0
2026-04-29,NVDA,212.4523894424142,212.47237042757808,207.33835459433345,209.00640869140625,123711800,0.0
2026-04-30,NVDA,209.68560172993963,210.05518135667162,198.46867945247158,199.33767700195312,225239200,0.0
2026-05-01,NVDA,201.0456862731779,202.76368521944246,196.89052532216473,198.21897888183594,128647000,0.0
2026-05-04,NVDA,199.26774870200734,201.49514834231712,194.51329562325486,198.24893188476562,125368100,0.0
2026-05-05,NVDA,199.06798360144137,200.00689171848026,195.80178617585554,196.271240234375,113406600,0.0
2026-05-06,NVDA,199.65729931010404,208.0275486883452,198.37879062945476,207.5880584716797,188362800,0.0
2026-05-07,NVDA,208.0974592073836,213.95063795079753,206.25960488465944,211.2537841796875,168307900,0.0
2026-05-08,NVDA,212.7820061205359,217.5464575316693,212.642169707093,214.94947814941406,136421400,0.0
2026-05-11,NVDA,213.79081709888328,222.04121091513153,213.64099781886503,219.18453979492188,160685800,0.0
2026-05-12,NVDA,218.29558003818886,223.48952345691538,214.6698009927987,220.52297973632812,159176600,0.0
2026-05-13,NVDA,224.6681467194947,227.57476278227756,221.3120728008497,225.56710815429688,150405400,0.0
2026-05-14,NVDA,229.58243343997336,236.26463268418732,229.03307065698914,235.465576171875,180782900,0.0
2026-05-15,NVDA,229.49252726355346,231.23050718880455,223.97896415639156,225.05770874023438,180977600,0.0
2026-05-18,NVDA,229.60240180074675,229.7322553439391,218.1157890335498,222.0612030029297,146280900,0.0
2026-05-19,NVDA,219.36432694236115,224.21866983705235,217.6563261548179,220.35317993164062,140948200,0.0
2026-05-20,NVDA,222.9201831873553,225.8667612103758,220.2433103590018,223.20985412597656,184201600,0.0
2026-05-21,NVDA,222.03121805596584,227.13526994336974,217.6762930684293,219.25445556640625,203381800,0.0
2026-05-22,NVDA,220.64283833374193,220.75271088945502,214.54994865072538,215.07933044433594,169275700,0.0
2026-05-26,NVDA,216.28791550863897,217.92600574795006,211.75320730356688,214.60987854003906,187202600,0.0
2026-05-27,NVDA,213.87072806866348,213.90069192498567,208.53694826896,212.35250854492188,167601200,0.0
2026-05-28,NVDA,211.03403615445995,215.2691056248748,210.97410844231206,214.00057983398438,143996000,0.0
2026-05-29,NVDA,214.33020874183248,217.6063892667686,210.88422794322287,210.8942108154297,289410600,0.0
2026-06-01,NVDA,215.47885750139108,224.60821672379726,215.44889364463796,224.09881591796875,212850700,0.0
2026-06-02,NVDA,226.91551751623658,232.00958636747916,221.09231801448135,222.56060791015625,193362900,0.0
2026-06-03,NVDA,221.46188713313538,222.56061267075634,214.2602739078757,214.5,160907000,0.0
2026-06-04,NVDA,213.91000366210938,221.60000610351562,210.97000122070312,218.66000366210938,169022200,0.0
2026-06-05,NVDA,214.52999877929688,214.8699951171875,204.3300018310547,205.10000610351562,219655500,0.0
2026-06-08,NVDA,210.17999267578125,210.47000122070312,206.0,208.63999938964844,138372800,0.0
2026-06-09,NVDA,210.6199951171875,211.39999389648438,199.33999633789062,208.19000244140625,180962500,0.0
2026-06-10,NVDA,204.42999267578125,207.22000122070312,199.9199981689453,200.4199981689453,161746600,0.0
2026-06-11,NVDA,201.49000549316406,205.66000366210938,199.5399932861328,204.8699951171875,158643200,0.0
2026-06-12,NVDA,204.86000061035156,207.07000732421875,203.44000244140625,205.19000244140625,112001800,0.0
2025-12-15,META,645.1476664750544,652.4414097008485,638.1536544261938,646.9561157226562,15549100,0.0
2025-12-16,META,642.9495426008936,661.973233609148,642.6498114209788,656.587890625,14309100,0.0
2025-12-17,META,655.0491556477624,660.664343241777,648.644665798819,648.9443969726562,15598500,0.0
2025-12-18,META,656.4679564970005,669.9863502083882,655.8984367998282,663.881591796875,20260300,0.0
2025-12-19,META,665.8499012351181,670.4260003995075,657.6169598101359,658.2064819335938,49977100,0.0
2025-12-22,META,661.0840391473547,673.0038267300547,656.0883162216827,660.9341430664062,15659400,0.0
2025-12-23,META,659.4853234816244,665.4302455294139,657.6868755551602,664.3711547851562,8486800,0.0
2025-12-24,META,661.9632786179176,667.6084088263418,661.633543835896,666.9789428710938,5627500,0.0
2025-12-26,META,667.4885344385556,668.3777877623371,660.7543096382171,662.7225952148438,7133800,0.0
2025-12-29,META,657.4471149030659,659.6851889371151,653.8302165118,658.1265258789062,8506500,0.0
2025-12-30,META,658.1265110341435,671.6449047754843,657.2772625792347,665.3803100585938,9187500,0.0
2025-12-31,META,664.1813161961976,664.4311023248911,658.8758612620638,659.5253295898438,7940400,0.0
2026-01-02,META,662.1630447721155,663.8216588672108,642.9495146869224,649.8535766601562,13726500,0.0
2026-01-05,META,650.4531272549772,663.9715218041853,647.1959061445123,658.2264404296875,12213700,0.0
2026-01-06,META,659.0057810200069,664.9507033148827,651.3423593634897,660.0548706054688,11074400,0.0
2026-01-07,META,655.0791375151089,658.5861445899717,644.2583851266311,648.1350708007812,12846300,0.0
2026-01-08,META,645.3274855180696,646.5464125947736,635.1761427603,645.50732421875,11921700,0.0
2026-01-09,META,644.8878661181845,654.3897406244424,642.3000548798136,652.5013427734375,11634900,0.0
2026-01-12,META,651.9718010113269,653.4105105723186,640.6814191818085,641.4207763671875,14797200,0.0
2026-01-13,META,641.720599826752,641.720599826752,623.5660991574318,630.5501708984375,18030400,0.0
2026-01-14,META,625.9640568168747,627.9124008742662,614.2940558608916,614.9934692382812,15527900,0.0
2026-01-15,META,617.9508982377323,623.6360331340583,613.7045339245012,620.2689208984375,13076100,0.0
2026-01-16,META,623.6460522405506,628.5418850412981,619.5495838845379,619.7194213867188,17012500,0.0
2026-01-20,META,607.3600037753715,610.8770121629093,599.4867397151437,603.6032104492188,15169600,0.0
2026-01-21,META,606.2209580964126,617.7411240978843,599.5666821865381,612.4356689453125,14494700,0.0
2026-01-22,META,628.811597152667,660.0049216653568,626.0140046136898,647.0759887695312,21394700,0.0
2026-01-23,META,644.2184496993522,665.9198400091174,643.8987161260534,658.1964721679688,22797700,0.0
2026-01-26,META,664.5609947255355,674.7023359243682,660.7242529636108,671.7847900390625,16327400,0.0
2026-01-27,META,674.0129574053085,676.2410302656567,664.0913982323968,672.394287109375,13297400,0.0
2026-01-28,META,673.9229813666298,677.1002536346601,665.5301429727417,668.1578979492188,25709600,0.0
2026-01-29,META,736.7991536844581,743.363540655783,711.9404325537852,737.6784057617188,59852900,0.0
2026-01-30,META,726.8776752394725,731.5436633097714,712.9796010924755,715.8870849609375,23744600,0.0
2026-02-02,META,713.9886602426056,720.6829408229889,702.9181827036907,705.8056640625,14365200,0.0
2026-02-03,META,706.7648539132639,716.3866205151361,685.8227628297016,691.1082763671875,13760700,0.0
2026-02-04,META,687.1416843315144,688.2407799622291,666.8890651090074,668.417724609375,16882800,0.0
2026-02-05,META,663.0123852284637,680.9170392363125,652.9409906690098,669.63671875,17131800,0.0
2026-02-06,META,664.920685797671,671.4151252649915,645.9469408650316,660.8941650390625,18159300,0.0
2026-02-09,META,662.6126578425271,682.7254419812133,658.2164585284562,676.640625,14837500,0.0
2026-02-10,META,677.0202983345941,680.0677378888336,669.216982119095,670.1461791992188,10455800,0.0
2026-02-11,META,673.4234361526849,678.6889475196376,656.5378686274887,668.1179809570312,14323800,0.0
2026-02-12,META,669.3968787035581,675.421749916193,644.7280570616384,649.254150390625,14960100,0.0
2026-02-13,META,644.5481137374378,650.872715705495,634.0271535178357,639.2227172851562,12336400,0.0
2026-02-17,META,638.952945338547,642.0502690775812,628.2620863630333,638.7431030273438,12674700,0.0
2026-02-18,META,633.2578140286595,644.4482453696517,627.6126838179015,642.6697387695312,14649200,0.0
2026-02-19,META,638.0237449576674,646.6363661317032,636.1752909436037,644.2284545898438,10035700,0.0
2026-02-20,META,639.1428111159805,662.7825455010891,638.2336163631846,655.09912109375,14183500,0.0
2026-02-23,META,651.9817939677475,657.1374142434245,635.455964272141,636.7048950195312,8605900,0.0
2026-02-24,META,632.5384628258726,640.5615620292823,628.4419334902003,638.7531127929688,10135600,0.0
2026-02-25,META,641.9803720795121,653.3206382422114,641.5906910720822,653.1307983398438,11330700,0.0
2026-02-26,META,649.9935020296807,660.4345752110744,646.9461232211356,656.447998046875,10637700,0.0
2026-02-27,META,642.8995542116262,648.8844201349368,637.5740968396581,647.62548828125,15703000,0.0
2026-03-02,META,636.6149203669017,659.3754626922687,633.9572226725116,653.0009155273438,9816100,0.0
2026-03-03,META,647.7354225434952,658.4762268569145,638.293554979916,654.5196533203125,12263800,0.0
2026-03-04,META,657.397151925757,672.1944798634893,657.1073609851721,667.1587524414062,10810100,0.0
2026-03-05,META,661.363765843265,670.1262833419206,649.7537106790966,660.0049438476562,13341400,0.0
2026-03-06,META,647.3457881163396,648.9143914185428,635.5658346648192,644.308349609375,13159400,0.0
2026-03-09,META,634.2369839533108,647.195859029807,626.2438278402449,646.836181640625,13489700,0.0
2026-03-10,META,653.0009245574777,659.7351492208539,648.444827744844,653.510498046875,9859300,0.0
2026-03-11,META,654.1999146227295,658.5561703533895,647.8053649208291,654.2998046875,8977200,0.0
2026-03-12,META,648.1950599902964,652.9409968457168,636.355220859953,637.6340942382812,11617500,0.0
2026-03-13,META,623.3562813254467,628.6317326131165,609.0285222575777,613.1849975585938,18957600,0.0
2026-03-16,META,632.0,634.75,623.0999755859375,627.4500122070312,15134900,0.0
2026-03-17,META,627.989990234375,636.5499877929688,621.7000122070312,622.6599731445312,10348800,0.0
2026-03-18,META,616.3400268554688,622.6500244140625,614.6099853515625,615.6799926757812,11726300,0.0
2026-03-19,META,612.1500244140625,613.0,602.260009765625,606.7000122070312,13247700,0.0
2026-03-20,META,603.530029296875,603.9600219726562,587.25,593.6599731445312,21214900,0.0
2026-03-23,META,605.7899780273438,608.6400146484375,599.010009765625,604.0599975585938,13638000,0.0
2026-03-24,META,599.0999755859375,601.0,591.0,592.9199829101562,10739700,0.0
2026-03-25,META,598.739990234375,603.6699829101562,593.4000244140625,594.8900146484375,12585000,0.0
2026-03-26,META,582.489990234375,583.0,543.3499755859375,547.5399780273438,35780100,0.0
2026-03-27,META,540.0999755859375,543.5999755859375,520.260009765625,525.719970703125,30133000,0.0
2026-03-30,META,536.3800048828125,539.5499877929688,528.5399780273438,536.3800048828125,22795200,0.0
2026-03-31,META,549.97998046875,573.6900024414062,546.77001953125,572.1300048828125,32898300,0.0
2026-04-01,META,580.1300048828125,592.5499877929688,573.8200073242188,579.22998046875,23608100,0.0
2026-04-02,META,566.0399780273438,578.5,559.7000122070312,574.4600219726562,13518500,0.0
2026-04-06,META,577.6900024414062,582.7899780273438,572.0,573.02001953125,9515700,0.0
2026-04-07,META,572.47998046875,575.22998046875,564.760009765625,575.0499877929688,9580800,0.0
2026-04-08,META,606.0,629.9500122070312,591.8300170898438,612.4199829101562,32036600,0.0
2026-04-09,META,626.969970703125,637.5,623.0,628.3900146484375,19012900,0.0
2026-04-10,META,634.469970703125,638.5800170898438,624.3300170898438,629.8599853515625,13294800,0.0
2026-04-13,META,629.5,635.0,624.4000244140625,634.530029296875,9538900,0.0
2026-04-14,META,643.219970703125,666.260009765625,639.3699951171875,662.489990234375,17818000,0.0
2026-04-15,META,667.0,678.5,664.219970703125,671.5800170898438,14952600,0.0
2026-04-16,META,675.989990234375,677.5800170898438,667.75,676.8699951171875,9544800,0.0
2026-04-17,META,678.5999755859375,691.52001953125,675.1300048828125,688.5499877929688,16283500,0.0
2026-04-20,META,681.3599853515625,683.3800048828125,668.0,670.9099731445312,12534000,0.0
2026-04-21,META,671.0,676.2000122070312,667.3300170898438,668.8400268554688,8660100,0.0
2026-04-22,META,674.3599853515625,678.3800048828125,669.75,674.719970703125,9215600,0.0
2026-04-23,META,663.7000122070312,669.5599975585938,653.0499877929688,659.1500244140625,11667000,0.0
2026-04-24,META,660.3200073242188,680.6699829101562,653.8400268554688,675.030029296875,13348300,0.0
2026-04-27,META,671.0,682.5,670.8400268554688,678.6199951171875,12805200,0.0
2026-04-28,META,674.239990234375,678.1799926757812,665.6300048828125,671.3400268554688,10606800,0.0
2026-04-29,META,668.9099731445312,674.25,663.8099975585938,669.1199951171875,18947500,0.0
2026-04-30,META,619.3200073242188,620.8499755859375,600.0,611.9099731445312,52765000,0.0
2026-05-01,META,614.6900024414062,618.8800048828125,606.1099853515625,608.75,21404000,0.0
2026-05-04,META,607.9400024414062,614.0,602.75,610.4099731445312,16203900,0.0
2026-05-05,META,613.3099975585938,614.3499755859375,600.3599853515625,604.9600219726562,17171300,0.0
2026-05-06,META,601.0499877929688,619.9500122070312,598.0999755859375,612.8800048828125,19915500,0.0
2026-05-07,META,614.719970703125,624.97998046875,613.5399780273438,616.8099975585938,12307400,0.0
2026-05-08,META,615.2000122070312,616.77001953125,606.0599975585938,609.6300048828125,13557000,0.0
2026-05-11,META,604.5700073242188,604.9099731445312,598.0800170898438,598.8599853515625,15940600,0.0
2026-05-12,META,594.8200073242188,603.75,592.5999755859375,603.0,11351600,0.0
2026-05-13,META,598.8300170898438,619.9000244140625,596.6599731445312,616.6300048828125,14634400,0.0
2026-05-14,META,616.0,623.72998046875,615.0,618.4299926757812,10651200,0.0
2026-05-15,META,613.989990234375,621.2000122070312,609.3099975585938,614.22998046875,13272600,0.0
2026-05-18,META,609.1099853515625,615.5900268554688,603.6900024414062,611.2100219726562,13772400,0.0
2026-05-19,META,608.9199829101562,613.9299926757812,600.5499877929688,602.6099853515625,11749900,0.0
2026-05-20,META,600.760009765625,608.0,597.8099975585938,605.0599975585938,11329700,0.0
2026-05-21,META,600.0,609.5999755859375,594.8099975585938,607.3800048828125,13476100,0.0
2026-05-22,META,607.8800048828125,614.8099975585938,606.9500122070312,610.260009765625,11688600,0.0
2026-05-26,META,608.8900146484375,614.469970703125,605.2999877929688,612.3400268554688,12234200,0.0
2026-05-27,META,609.4000244140625,638.5,609.0,635.260009765625,23143600,0.0
2026-05-28,META,639.5,643.0,629.3099975585938,635.2899780273438,16772400,0.0
2026-05-29,META,633.5,634.5,623.3499755859375,632.510009765625,19806500,0.0
2026-06-01,META,630.4000244140625,635.75,599.530029296875,600.469970703125,29138800,0.0
2026-06-02,META,603.239990234375,608.8800048828125,596.6799926757812,597.6300048828125,18252000,0.0
2026-06-03,META,603.0,624.1500244140625,600.27001953125,622.97998046875,23020100,0.0
2026-06-04,META,623.6699829101562,642.4000244140625,622.4299926757812,627.5700073242188,21469200,0.0
2026-06-05,META,623.4600219726562,629.1500244140625,582.9099731445312,593.0,30091600,0.0
2026-06-08,META,592.0,592.0,579.219970703125,585.3900146484375,19512400,0.0
2026-06-09,META,591.0,597.6300048828125,581.010009765625,584.5900268554688,16977400,0.0
2026-06-10,META,580.72998046875,591.3200073242188,570.5999755859375,570.97998046875,17064000,0.0
2026-06-11,META,565.8300170898438,572.1699829101562,557.010009765625,568.4299926757812,17628000,0.0
2026-06-12,META,572.9500122070312,576.0700073242188,560.9000244140625,566.97998046875,14326400,0.0
2025-12-15,NFLX,96.0199966430664,96.37000274658203,93.52999877929688,93.7699966430664,40016500,0.0
2025-12-16,NFLX,93.87999725341797,94.93000030517578,93.31999969482422,94.56999969482422,34265000,0.0
2025-12-17,NFLX,95.9800033569336,97.33000183105469,94.45999908447266,94.79000091552734,50472800,0.0
2025-12-18,NFLX,95.0199966430664,95.80999755859375,93.58999633789062,94.0,37244700,0.0
2025-12-19,NFLX,93.56999969482422,95.54000091552734,93.44999694824219,94.38999938964844,78990200,0.0
2025-12-22,NFLX,94.70999908447266,94.70999908447266,92.91000366210938,93.2300033569336,39484800,0.0
2025-12-23,NFLX,93.4000015258789,93.80999755859375,91.33000183105469,93.5,25896200,0.0
2025-12-24,NFLX,93.11000061035156,93.68000030517578,92.66999816894531,93.63999938964844,12427900,0.0
2025-12-26,NFLX,93.4800033569336,94.69000244140625,93.2699966430664,94.47000122070312,22068300,0.0
2025-12-29,NFLX,93.98999786376953,94.97000122070312,93.62999725341797,94.1500015258789,24493700,0.0
2025-12-30,NFLX,93.5199966430664,93.98999786376953,93.33999633789062,93.77999877929688,23422000,0.0
2025-12-31,NFLX,93.5999984741211,94.30999755859375,93.19999694824219,93.76000213623047,23495200,0.0
2026-01-02,NFLX,94.12999725341797,94.12999725341797,90.80999755859375,90.98999786376953,41155400,0.0
2026-01-05,NFLX,90.91999816894531,92.62999725341797,90.83999633789062,91.45999908447266,39183300,0.0
2026-01-06,NFLX,91.54000091552734,91.63999938964844,89.73999786376953,90.6500015258789,43331000,0.0
2026-01-07,NFLX,91.55999755859375,92.41999816894531,90.05999755859375,90.7300033569336,36525700,0.0
2026-01-08,NFLX,90.44999694824219,91.25,89.58000183105469,90.52999877929688,40068700,0.0
2026-01-09,NFLX,90.02999877929688,90.05000305175781,88.31999969482422,89.45999908447266,55579500,0.0
2026-01-12,NFLX,89.69000244140625,90.33999633789062,89.33000183105469,89.41000366210938,36290600,0.0
2026-01-13,NFLX,89.44000244140625,91.1500015258789,89.06999969482422,90.31999969482422,45221100,0.0
2026-01-14,NFLX,91.23999786376953,91.58000183105469,87.94999694824219,88.55000305175781,49737700,0.0
2026-01-15,NFLX,89.0199966430664,89.88999938964844,87.81999969482422,88.05000305175781,36945100,0.0
2026-01-16,NFLX,88.33999633789062,88.51000213623047,87.77999877929688,88.0,48130500,0.0
2026-01-20,NFLX,88.97000122070312,89.9000015258789,87.0199966430664,87.26000213623047,109729700,0.0
2026-01-21,NFLX,82.5199966430664,86.0,81.93000030517578,85.36000061035156,127940700,0.0
2026-01-22,NFLX,85.0199966430664,85.0999984741211,82.9800033569336,83.54000091552734,69113300,0.0
2026-01-23,NFLX,83.43000030517578,86.30000305175781,83.27999877929688,86.12000274658203,64520400,0.0
2026-01-26,NFLX,86.91999816894531,86.94000244140625,85.3499984741211,85.69999694824219,40941900,0.0
2026-01-27,NFLX,85.27999877929688,85.5999984741211,83.87999725341797,85.58000183105469,37790800,0.0
2026-01-28,NFLX,85.62999725341797,86.47000122070312,84.30000305175781,84.63999938964844,37762600,0.0
2026-01-29,NFLX,84.30999755859375,84.37999725341797,82.3499984741211,83.16000366210938,42278100,0.0
2026-01-30,NFLX,83.0999984741211,84.05999755859375,82.77999877929688,83.48999786376953,45755000,0.0
2026-02-02,NFLX,83.52999877929688,85.2699966430664,82.72000122070312,82.76000213623047,41445300,0.0
2026-02-03,NFLX,82.2300033569336,82.44999694824219,79.62000274658203,79.94000244140625,49789000,0.0
2026-02-04,NFLX,79.98999786376953,81.44000244140625,79.2300033569336,80.16000366210938,48963200,0.0
2026-02-05,NFLX,81.48999786376953,83.30000305175781,80.54000091552734,80.87000274658203,54805700,0.0
2026-02-06,NFLX,81.0199966430664,82.48999786376953,80.6500015258789,82.19999694824219,46154100,0.0
2026-02-09,NFLX,82.18000030517578,82.20999908447266,79.87000274658203,81.47000122070312,42200200,0.0
2026-02-10,NFLX,82.72000122070312,84.66000366210938,82.08999633789062,82.20999908447266,43595800,0.0
2026-02-11,NFLX,81.95999908447266,82.4800033569336,79.44999694824219,79.62000274658203,40840300,0.0
2026-02-12,NFLX,79.11000061035156,79.1500015258789,75.2300033569336,75.86000061035156,73516100,0.0
2026-02-13,NFLX,76.13999938964844,77.18000030517578,75.52999877929688,76.87000274658203,42292100,0.0
2026-02-17,NFLX,76.91999816894531,77.87000274658203,75.30000305175781,77.0,35961500,0.0
2026-02-18,NFLX,77.31999969482422,78.31999969482422,76.27999877929688,77.98999786376953,29883100,0.0
2026-02-19,NFLX,77.75,78.69999694824219,76.58999633789062,77.0,30139200,0.0
2026-02-20,NFLX,76.61000061035156,78.8499984741211,76.4000015258789,78.66999816894531,32411300,0.0
2026-02-23,NFLX,77.79000091552734,77.83000183105469,75.01000213623047,76.0199966430664,38363000,0.0
2026-02-24,NFLX,75.7300033569336,78.12000274658203,75.20999908447266,78.04000091552734,33079100,0.0
2026-02-25,NFLX,79.43000030517578,83.12000274658203,79.25,82.69999694824219,69319300,0.0
2026-02-26,NFLX,83.19999694824219,86.5,82.80000305175781,84.58999633789062,85642500,0.0
2026-02-27,NFLX,94.30000305175781,96.75,90.58000183105469,96.23999786376953,200767000,0.0
2026-03-02,NFLX,95.26000213623047,98.06999969482422,95.19999694824219,97.08999633789062,79915400,0.0
2026-03-03,NFLX,96.01000213623047,98.45999908447266,95.33000183105469,97.69999694824219,59149000,0.0
2026-03-04,NFLX,97.11000061035156,99.75,96.98999786376953,98.66000366210938,52604300,0.0
2026-03-05,NFLX,98.5,100.19000244140625,98.0999984741211,99.16999816894531,53403000,0.0
2026-03-06,NFLX,99.33000183105469,99.87999725341797,97.4000015258789,99.0199966430664,41196300,0.0
2026-03-09,NFLX,97.69999694824219,98.94000244140625,96.58000183105469,98.31999969482422,48589000,0.0
2026-03-10,NFLX,97.80999755859375,98.48999786376953,96.29000091552734,96.94000244140625,41027200,0.0
2026-03-11,NFLX,97.41000366210938,98.0,94.69000244140625,94.88999938964844,33962900,0.0
2026-03-12,NFLX,94.86000061035156,95.4000015258789,93.87000274658203,94.30999755859375,34206900,0.0
2026-03-13,NFLX,94.63999938964844,95.68000030517578,94.23999786376953,95.30999755859375,29876700,0.0
2026-03-16,NFLX,95.58000183105469,96.0999984741211,94.36000061035156,95.19999694824219,34931800,0.0
2026-03-17,NFLX,95.30000305175781,96.33999633789062,94.01000213623047,94.36000061035156,26434500,0.0
2026-03-18,NFLX,94.44999694824219,95.33999633789062,93.61000061035156,94.69999694824219,27878300,0.0
2026-03-19,NFLX,94.30999755859375,95.75,90.77999877929688,91.73999786376953,40169300,0.0
2026-03-20,NFLX,91.30999755859375,91.87999725341797,90.69000244140625,91.81999969482422,61678000,0.0
2026-03-23,NFLX,92.04000091552734,93.9800033569336,91.86000061035156,93.37999725341797,34315900,0.0
2026-03-24,NFLX,92.79000091552734,93.73999786376953,90.81999969482422,90.91999816894531,28938000,0.0
2026-03-25,NFLX,91.70999908447266,92.5199966430664,91.23999786376953,92.27999877929688,29545600,0.0
2026-03-26,NFLX,91.5199966430664,95.86000061035156,91.01000213623047,93.31999969482422,59522000,0.0
2026-03-27,NFLX,94.56999969482422,95.58000183105469,92.73999786376953,93.43000030517578,44590700,0.0
2026-03-30,NFLX,92.75,94.48999786376953,92.22000122070312,92.97000122070312,32375100,0.0
2026-03-31,NFLX,93.02999877929688,96.26000213623047,93.02999877929688,96.1500015258789,54270000,0.0
2026-04-01,NFLX,96.47000122070312,97.19999694824219,94.26000213623047,95.55000305175781,30439300,0.0
2026-04-02,NFLX,95.2699966430664,98.70999908447266,95.16999816894531,98.66000366210938,37068000,0.0
2026-04-06,NFLX,100.95999908447266,102.69000244140625,97.97000122070312,98.93000030517578,37029300,0.0
2026-04-07,NFLX,98.55000305175781,99.87999725341797,98.25,98.81999969482422,25016700,0.0
2026-04-08,NFLX,100.31999969482422,100.4000015258789,97.44000244140625,99.38999938964844,30957600,0.0
2026-04-09,NFLX,99.62999725341797,102.33999633789062,99.08000183105469,102.05000305175781,35087800,0.0
2026-04-10,NFLX,102.47000122070312,103.08000183105469,101.45999908447266,103.01000213623047,25769900,0.0
2026-04-13,NFLX,103.02999877929688,103.66999816894531,102.05999755859375,103.16000366210938,26042800,0.0
2026-04-14,NFLX,103.12000274658203,106.56999969482422,103.04000091552734,106.27999877929688,40534900,0.0
2026-04-15,NFLX,105.9800033569336,107.8499984741211,105.04000091552734,107.70999908447266,38023700,0.0
2026-04-16,NFLX,107.47000122070312,108.94999694824219,106.62000274658203,107.79000091552734,64928300,0.0
2026-04-17,NFLX,96.37000274658203,98.73999786376953,95.0999984741211,97.30999755859375,125958700,0.0
2026-04-20,NFLX,97.13999938964844,97.5999984741211,93.54000091552734,94.83000183105469,63298300,0.0
2026-04-21,NFLX,94.0,94.6500015258789,92.37000274658203,92.58000183105469,61962300,0.0
2026-04-22,NFLX,93.05999755859375,93.8499984741211,92.7699966430664,93.23999786376953,33694300,0.0
2026-04-23,NFLX,94.05999755859375,94.63999938964844,92.06999969482422,92.81999969482422,36851700,0.0
2026-04-24,NFLX,92.56999969482422,93.27999877929688,91.80000305175781,92.44000244140625,32553200,0.0
2026-04-27,NFLX,92.05000305175781,92.83999633789062,91.30000305175781,91.37000274658203,29707400,0.0
2026-04-28,NFLX,91.5,92.33999633789062,90.0199966430664,92.2699966430664,33418100,0.0
2026-04-29,NFLX,91.2300033569336,92.86000061035156,90.86000061035156,92.12000274658203,26122100,0.0
2026-04-30,NFLX,91.3499984741211,94.22000122070312,90.7699966430664,93.61000061035156,40923000,0.0
2026-05-01,NFLX,94.41999816894531,94.69999694824219,91.9000015258789,92.05999755859375,30406900,0.0
2026-05-04,NFLX,92.0999984741211,92.33000183105469,90.88999938964844,91.0199966430664,25928800,0.0
2026-05-05,NFLX,91.18000030517578,91.27999877929688,87.56999969482422,87.88999938964844,51961300,0.0
2026-05-06,NFLX,87.1500015258789,88.55000305175781,86.72000122070312,88.2699966430664,41932400,0.0
2026-05-07,NFLX,88.19999694824219,89.4000015258789,88.12999725341797,88.25,30627600,0.0
2026-05-08,NFLX,87.70999908447266,88.04000091552734,87.20999908447266,87.48999786376953,36215100,0.0
2026-05-11,NFLX,86.52999877929688,87.33999633789062,85.0999984741211,85.44999694824219,40556500,0.0
2026-05-12,NFLX,85.91000366210938,89.16999816894531,85.80999755859375,87.66000366210938,43556600,0.0
2026-05-13,NFLX,86.56999969482422,88.62000274658203,86.27999877929688,87.55999755859375,30823500,0.0
2026-05-14,NFLX,87.62000274658203,88.5,86.6500015258789,86.94000244140625,29408300,0.0
2026-05-15,NFLX,87.69000244140625,89.48999786376953,86.69000244140625,87.0199966430664,32335700,0.0
2026-05-18,NFLX,86.5,89.81999969482422,86.33000183105469,89.6500015258789,35800500,0.0
2026-05-19,NFLX,90.13999938964844,91.4800033569336,88.69000244140625,89.33000183105469,34545700,0.0
2026-05-20,NFLX,88.5199966430664,88.55000305175781,87.5,88.08999633789062,23463400,0.0
2026-05-21,NFLX,88.02999877929688,90.37000274658203,87.5199966430664,89.30000305175781,28613900,0.0
2026-05-22,NFLX,89.0999984741211,89.97000122070312,88.16999816894531,88.5999984741211,23847200,0.0
2026-05-26,NFLX,88.4000015258789,88.7300033569336,87.25,87.68000030517578,24014500,0.0
2026-05-27,NFLX,87.05000305175781,88.5,86.81999969482422,87.3499984741211,22569500,0.0
2026-05-28,NFLX,86.9000015258789,87.04000091552734,85.58999633789062,86.36000061035156,38803800,0.0
2026-05-29,NFLX,86.19999694824219,86.66999816894531,85.66000366210938,86.0199966430664,39793600,0.0
2026-06-01,NFLX,85.7300033569336,87.2300033569336,85.31999969482422,85.8499984741211,32747200,0.0
2026-06-02,NFLX,85.61000061035156,85.9800033569336,83.29000091552734,83.33000183105469,42947200,0.0
2026-06-03,NFLX,82.91000366210938,83.30999755859375,81.0999984741211,81.5199966430664,36714700,0.0
2026-06-04,NFLX,83.19000244140625,83.69999694824219,81.37000274658203,81.55999755859375,39338800,0.0
2026-06-05,NFLX,82.33000183105469,82.75,81.0,82.18000030517578,43474100,0.0
2026-06-08,NFLX,81.66000366210938,83.08000183105469,81.33999633789062,82.63999938964844,33056700,0.0
2026-06-09,NFLX,82.12999725341797,82.33999633789062,81.33999633789062,81.41000366210938,34787200,0.0
2026-06-10,NFLX,81.70999908447266,82.75,80.9800033569336,82.0,36304600,0.0
2026-06-11,NFLX,81.87000274658203,82.0999984741211,80.08999633789062,81.2699966430664,33417600,0.0
2026-06-12,NFLX,81.58000183105469,82.0,79.27999877929688,80.33999633789062,35309700,0.0
2025-12-15,JPM,316.534963668203,319.7935222813264,315.3464528736662,316.9608459472656,10864100,0.0
2025-12-16,JPM,316.0397072252412,316.46558945571707,311.3945381021762,312.5335388183594,8331300,0.0
2025-12-17,JPM,315.3860269605939,316.3170436429019,311.65207637787455,311.9690246582031,8718700,0.0
2025-12-18,JPM,312.979256626897,314.66301788263524,309.2353920446346,310.0079345703125,11444900,0.0
2025-12-19,JPM,310.79038320864026,315.51477427620307,310.1961127673861,314.17767333984375,24494400,0.0
2025-12-22,JPM,314.47481933577194,320.14014104266494,314.47481933577194,320.00146484375,8354600,0.0
2025-12-23,JPM,320.51650136966475,324.6466524002949,320.00148308544306,322.8143310546875,6668300,0.0
2025-12-24,JPM,323.1213622604756,326.8355148620812,322.3884458193645,326.02337646484375,4289300,0.0
2025-12-26,JPM,325.9639318748006,327.6972031402456,323.4185221880518,324.7754211425781,4158300,0.0
2025-12-29,JPM,323.8741142125664,324.63674268276935,320.43728371815735,320.6551818847656,8635300,0.0
2025-12-30,JPM,321.7050354533748,321.83379757815135,319.40720581728044,320.3283386230469,7904300,0.0
2025-12-31,JPM,321.2395304565584,321.77437689354394,318.9615289550125,319.1398010253906,5048500,0.0
2026-01-02,JPM,319.4171281542276,322.61626252061376,317.6739428368343,322.36865234375,8054000,0.0
2026-01-05,JPM,322.3884599175412,334.026138578159,322.08142570711647,330.8468322753906,10752600,0.0
2026-01-06,JPM,330.92639220894705,334.1598441675407,328.96642165340415,332.90625,7660800,0.0
2026-01-07,JPM,329.4539672046419,330.45880399676645,322.947258062395,325.3250732421875,9815200,0.0
2026-01-08,JPM,324.7281574581884,329.7126277455971,323.99190461809644,328.11083984375,11737100,0.0
2026-01-09,JPM,327.6631156796267,330.21007865256746,326.49908990111055,327.5138854980469,6738100,0.0
2026-01-12,JPM,320.2411028663189,324.3600076252465,319.59441851466954,322.8377990722656,12805100,0.0
2026-01-13,JPM,322.64875130423195,325.1957141371429,308.9886797025588,309.3169860839844,19371200,0.0
2026-01-14,JPM,306.6307659579143,310.17263725890126,304.5613395847709,306.30242919921875,25951500,0.0
2026-01-15,JPM,306.8993776774091,311.3466191836246,306.18304245620016,307.68536376953125,14751400,0.0
2026-01-16,JPM,308.76979706409315,315.5948534301565,308.42157308655703,310.8789978027344,14652500,0.0
2026-01-20,JPM,304.65088058894946,309.56573031914434,300.323023148028,301.19854736328125,12900600,0.0
2026-01-21,JPM,301.88504309324475,303.8450138204667,299.61665319654776,300.50213623046875,10270100,0.0
2026-01-22,JPM,303.3077326815458,306.6307531542374,301.35772089620315,302.0840148925781,10535800,0.0
2026-01-23,JPM,300.4623078902987,300.8304191049288,295.000271015744,296.2041015625,11107900,0.0
2026-01-26,JPM,296.2936374196168,300.243424572115,295.9354850066467,299.5072021484375,11752700,0.0
2026-01-27,JPM,299.7957098597862,300.4324657566407,296.6319086980451,298.7809143066406,11527400,0.0
2026-01-28,JPM,298.74110176244625,300.38272473319716,296.53240414079806,299.2385559082031,9556700,0.0
2026-01-29,JPM,300.86028172816947,305.2677184721844,300.6812055104527,304.8598327636719,11580000,0.0
2026-01-30,JPM,303.6957636347891,306.36211063628633,301.0194578342246,304.33251953125,11953200,0.0
2026-02-02,JPM,302.9097896135357,307.72514241386267,299.83552643648,306.5710754394531,9839400,0.0
2026-02-03,JPM,308.15296152215484,314.6397527673971,307.5261644294422,313.24688720703125,12688000,0.0
2026-02-04,JPM,312.809117891095,317.68416242077944,312.809117891095,315.654541015625,9848800,0.0
2026-02-05,JPM,313.3961328396234,314.4009999973286,303.98430827226673,308.5807800292969,9388000,0.0
2026-02-06,JPM,313.10760555212,322.59903993155126,313.10760555212,320.7584533691406,17797400,0.0
2026-02-09,JPM,319.70385137937853,324.73808529326595,318.4801031561584,320.4599914550781,11477500,0.0
2026-02-10,JPM,320.9076714905845,324.4694603347238,313.51550984428656,316.659423828125,9902200,0.0
2026-02-11,JPM,321.5941717066872,323.6237932822943,307.15807190859783,309.2374267578125,8703500,0.0
2026-02-12,JPM,310.68996020493864,312.0231336727285,298.492374829366,301.09906005859375,13443400,0.0
2026-02-13,JPM,297.0000117729552,302.740652037527,295.0101951931391,301.0094909667969,9114500,0.0
2026-02-17,JPM,301.21844819128046,306.6705262718474,300.95976231603305,305.5661926269531,8896800,0.0
2026-02-18,JPM,306.8894162356143,310.6899733588093,305.6557396172298,307.2077941894531,7209600,0.0
2026-02-19,JPM,305.6060125002564,307.6057576457843,303.5664321569553,306.48150634765625,6737700,0.0
2026-02-20,JPM,306.829734990155,309.4165028225248,304.12358301143166,309.20758056640625,7792700,0.0
2026-02-23,JPM,307.22769310292153,309.4165036660153,293.5974666249826,296.1543884277344,12955400,0.0
2026-02-24,JPM,295.3086878147805,298.22376183621185,289.89638425356503,295.7862243652344,13554100,0.0
2026-02-25,JPM,297.1194302945208,302.113859047087,295.4977249020647,301.75567626953125,8095500,0.0
2026-02-26,JPM,303.02916294815697,307.4366298839601,302.0939770599508,304.5712890625,7007800,0.0
2026-02-27,JPM,298.4725052158334,301.4074969953331,292.9507760142178,298.7709655761719,18620800,0.0
2026-03-02,JPM,293.3089239524434,298.45261340621465,291.7170645432447,296.044921875,8508900,0.0
2026-03-03,JPM,290.80175042735664,300.8503301542204,288.0259478174434,298.7311706542969,10278200,0.0
2026-03-04,JPM,298.4625518350298,299.4674190034017,294.31380094003714,297.8656311035156,8055700,0.0
2026-03-05,JPM,296.46279534996694,299.7061758621692,290.9410358965662,292.0553283691406,12732500,0.0
2026-03-06,JPM,284.88204628210366,288.51345559776433,282.2654325280704,288.0060729980469,13496500,0.0
2026-03-09,JPM,284.04633930656934,289.61783224456605,279.02206418875625,288.44384765625,12241100,0.0
2026-03-10,JPM,287.81703392074905,291.25940817695187,285.7177615952499,287.2598876953125,8344900,0.0
2026-03-11,JPM,287.339470512306,289.00098077209634,283.40957048917664,286.0560302734375,10205000,0.0
2026-03-12,JPM,281.38992356011664,282.4345955757058,277.6789347371047,281.44964599609375,13760500,0.0
2026-03-13,JPM,283.2205743771862,285.72773249785536,281.50933079451545,281.996826171875,9091200,0.0
2026-03-16,JPM,284.88204862524725,287.7971227560318,283.16084627757465,284.7029724121094,8149000,0.0
2026-03-17,JPM,287.5285022187445,290.2744588762506,284.4940440114858,285.42926025390625,8961200,0.0
2026-03-18,JPM,285.36953215418885,287.93641255144826,283.6682474755719,286.27490234375,10057000,0.0
2026-03-19,JPM,285.4193072233837,288.0359209952396,283.1708046765218,286.5037536621094,9846700,0.0
2026-03-20,JPM,286.61317132501995,289.2297850267638,283.81748141518966,285.1009216308594,22436500,0.0
2026-03-23,JPM,292.8114588483544,294.24412922690453,286.5037438804951,288.4338684082031,11470800,0.0
2026-03-24,JPM,284.71293429347423,293.9755285514211,283.9169894005904,290.91119384765625,11092300,0.0
2026-03-25,JPM,292.6522795072885,296.1245302289603,290.950994762599,293.91583251953125,12188200,0.0
2026-03-26,JPM,291.0902559049482,293.48798854194115,289.24969984697105,290.1749572753906,8669200,0.0
2026-03-27,JPM,287.66781259849654,288.63284454259417,280.31542537678433,281.3998718261719,9873300,0.0
2026-03-30,JPM,283.2901966006573,285.787426299191,280.89246381052374,282.32513427734375,11734400,0.0
2026-03-31,JPM,287.0012007453536,293.56760164880984,283.4991344325332,292.6622314453125,12956900,0.0
2026-04-01,JPM,293.8859963972044,297.19902789200404,291.41861272257177,293.87603759765625,11267200,0.0
2026-04-02,JPM,290.4237002119346,294.1148016905453,287.2499401451481,293.1000061035156,6669300,0.0
2026-04-06,JPM,294.05999755859375,296.8299865722656,293.20001220703125,295.45001220703125,7142600,0.0
2026-04-07,JPM,293.1400146484375,298.17999267578125,292.70001220703125,297.3999938964844,7849100,0.0
2026-04-08,JPM,307.9700012207031,311.260009765625,305.3299865722656,307.9700012207031,10590200,0.0
2026-04-09,JPM,306.95001220703125,311.260009765625,306.1099853515625,310.3299865722656,6586600,0.0
2026-04-10,JPM,310.0,310.3500061035156,306.7200012207031,309.8699951171875,6069700,0.0
2026-04-13,JPM,307.4700012207031,313.739990234375,305.4599914550781,313.67999267578125,8318200,0.0
2026-04-14,JPM,309.82000732421875,314.32000732421875,308.8699951171875,311.1199951171875,11455500,0.0
2026-04-15,JPM,313.95001220703125,314.239990234375,304.260009765625,305.92999267578125,9885800,0.0
2026-04-16,JPM,305.3500061035156,309.95001220703125,305.20001220703125,309.95001220703125,8208600,0.0
2026-04-17,JPM,312.4700012207031,314.8999938964844,310.0899963378906,310.2900085449219,11082400,0.0
2026-04-20,JPM,310.8500061035156,317.1300048828125,310.3699951171875,316.989990234375,10772000,0.0
2026-04-21,JPM,317.489990234375,320.239990234375,312.75,313.0,7084300,0.0
2026-04-22,JPM,314.8500061035156,315.1499938964844,311.94000244140625,313.0199890136719,5545900,0.0
2026-04-23,JPM,313.5199890136719,314.989990234375,308.8900146484375,311.69000244140625,6969700,0.0
2026-04-24,JPM,311.1499938964844,311.1499938964844,307.8900146484375,308.2799987792969,5215300,0.0
2026-04-27,JPM,306.8800048828125,312.5799865722656,306.8800048828125,311.6300048828125,7925300,0.0
2026-04-28,JPM,315.20001220703125,315.45001220703125,311.1700134277344,311.45001220703125,7398600,0.0
2026-04-29,JPM,310.57000732421875,312.04998779296875,307.2900085449219,309.25,8031800,0.0
2026-04-30,JPM,307.07000732421875,314.1000061035156,306.57000732421875,313.2300109863281,8865400,0.0
2026-05-01,JPM,313.95001220703125,316.0799865722656,311.8299865722656,312.4700012207031,6135400,0.0
2026-05-04,JPM,310.6199951171875,310.6499938964844,306.510009765625,307.6499938964844,7338200,0.0
2026-05-05,JPM,307.7099914550781,310.9700012207031,306.79998779296875,309.3999938964844,6316800,0.0
2026-05-06,JPM,311.45001220703125,316.260009765625,311.3500061035156,314.8999938964844,8629500,0.0
2026-05-07,JPM,314.6499938964844,316.29998779296875,306.1400146484375,306.2699890136719,8359600,0.0
2026-05-08,JPM,308.25,308.989990234375,300.5,302.1000061035156,9464300,0.0
2026-05-11,JPM,302.1000061035156,303.19000244140625,298.8800048828125,300.0,9512000,0.0
2026-05-12,JPM,300.0199890136719,306.05999755859375,295.54998779296875,304.8800048828125,9498200,0.0
2026-05-13,JPM,302.2699890136719,303.0,300.07000732421875,300.25,7709500,0.0
2026-05-14,JPM,302.25,303.75,298.80999755859375,299.9100036621094,7364300,0.0
2026-05-15,JPM,300.2099914550781,300.7900085449219,296.45001220703125,297.80999755859375,8699300,0.0
2026-05-18,JPM,298.0,301.260009765625,297.2200012207031,300.7300109863281,7546300,0.0
2026-05-19,JPM,301.0899963378906,301.7900085449219,295.260009765625,295.70001220703125,8066900,0.0
2026-05-20,JPM,296.70001220703125,302.92999267578125,293.6700134277344,301.9800109863281,9327000,0.0
2026-05-21,JPM,301.2300109863281,303.9800109863281,300.2099914550781,303.0,7874400,0.0
2026-05-22,JPM,304.67999267578125,307.45001220703125,303.8399963378906,306.3800048828125,5973900,0.0
2026-05-26,JPM,308.489990234375,309.92999267578125,305.44000244140625,306.739990234375,7725400,0.0
2026-05-27,JPM,305.0,305.8999938964844,295.75,299.2799987792969,11779200,0.0
2026-05-28,JPM,297.57000732421875,301.07000732421875,295.75,296.7300109863281,9757700,0.0
2026-05-29,JPM,296.3999938964844,299.8800048828125,295.20001220703125,299.30999755859375,13969000,0.0
2026-06-01,JPM,297.69000244140625,299.54998779296875,295.2699890136719,296.5799865722656,7930000,0.0
2026-06-02,JPM,296.5,302.07000732421875,295.2699890136719,300.9599914550781,8296200,0.0
2026-06-03,JPM,299.9200134277344,301.9599914550781,296.55999755859375,300.8500061035156,7003900,0.0
2026-06-04,JPM,305.739990234375,312.9100036621094,304.44000244140625,310.8900146484375,10345200,0.0
2026-06-05,JPM,314.2900085449219,315.0,309.6000061035156,312.3699951171875,9118800,0.0
2026-06-08,JPM,313.25,316.29998779296875,310.7799987792969,311.1099853515625,6827000,0.0
2026-06-09,JPM,313.510009765625,316.4200134277344,309.010009765625,312.70001220703125,11594600,0.0
2026-06-10,JPM,312.55999755859375,314.75,309.0299987792969,309.1400146484375,7446200,0.0
2026-06-11,JPM,309.55999755859375,314.7200012207031,308.8800048828125,313.489990234375,9116600,0.0
2026-06-12,JPM,315.9700012207031,321.29998779296875,315.54998779296875,320.7200012207031,7421100,0.0
2025-12-15,DIS,110.69999694824219,111.55000305175781,108.55000305175781,110.48999786376953,14318000,0.0
2025-12-16,DIS,111.22000122070312,112.8499984741211,110.86000061035156,111.62000274658203,15580200,0.0
2025-12-17,DIS,111.05999755859375,112.12999725341797,110.45999908447266,110.62999725341797,12142500,0.0
2025-12-18,DIS,110.52999877929688,112.80000305175781,110.41999816894531,111.87000274658203,12913900,0.0
2025-12-19,DIS,112.31999969482422,113.4800033569336,110.91999816894531,111.23999786376953,21138400,0.0
2025-12-22,DIS,111.41000366210938,112.80000305175781,111.1500015258789,112.37999725341797,8803300,0.0
2025-12-23,DIS,112.29000091552734,113.30999755859375,112.04000091552734,113.22000122070312,7634500,0.0
2025-12-24,DIS,112.94000244140625,114.52999877929688,112.80000305175781,114.4800033569336,4606700,0.0
2025-12-26,DIS,114.1500015258789,114.73999786376953,113.2699966430664,113.55999755859375,5428900,0.0
2025-12-29,DIS,113.31999969482422,114.48999786376953,113.30999755859375,114.19000244140625,7966000,0.0
2025-12-30,DIS,114.0999984741211,115.27999877929688,114.0999984741211,114.79000091552734,6883900,0.0
2025-12-31,DIS,114.7699966430664,114.88999938964844,113.55000305175781,113.7699966430664,6608000,0.0
2026-01-02,DIS,113.44000244140625,113.44000244140625,111.62000274658203,111.8499984741211,8906200,0.0
2026-01-05,DIS,111.41999816894531,116.02999877929688,111.37999725341797,114.06999969482422,12029000,0.0
2026-01-06,DIS,113.79000091552734,114.76000213623047,113.11000061035156,114.56999969482422,7388300,0.0
2026-01-07,DIS,114.45999908447266,114.97000122070312,112.51000213623047,112.91000366210938,8296300,0.0
2026-01-08,DIS,112.55000305175781,114.98999786376953,112.55000305175781,114.16999816894531,9778200,0.0
2026-01-09,DIS,114.30999755859375,115.9800033569336,113.9000015258789,115.87999725341797,8935200,0.0
2026-01-12,DIS,114.62999725341797,114.94000244140625,112.55000305175781,112.81999969482422,10833800,0.0
2026-01-13,DIS,112.83999633789062,113.22000122070312,111.61000061035156,112.9800033569336,8945700,0.0
2026-01-14,DIS,112.80999755859375,113.58999633789062,112.26000213623047,113.52999877929688,8950900,0.0
2026-01-15,DIS,113.70999908447266,114.11000061035156,112.16999816894531,113.41000366210938,7958500,0.0
2026-01-16,DIS,113.19999694824219,113.8499984741211,111.12000274658203,111.19999694824219,12049600,0.0
2026-01-20,DIS,109.66000366210938,111.08999633789062,108.80000305175781,110.33999633789062,9818200,0.0
2026-01-21,DIS,110.56999969482422,113.25,110.5,113.19000244140625,10041400,0.0
2026-01-22,DIS,113.16999816894531,114.29000091552734,112.16999816894531,113.20999908447266,12437700,0.0
2026-01-23,DIS,112.69000244140625,112.94999694824219,110.55000305175781,110.9800033569336,10819800,0.0
2026-01-26,DIS,111.68000030517578,112.41000366210938,111.12999725341797,111.30999755859375,8859800,0.0
2026-01-27,DIS,111.5,111.80000305175781,110.02999877929688,110.61000061035156,8956900,0.0
2026-01-28,DIS,110.27999877929688,111.43000030517578,109.0,109.55999755859375,9016600,0.0
2026-01-29,DIS,109.62999725341797,111.66999816894531,108.76000213623047,111.58000183105469,11079000,0.0
2026-01-30,DIS,111.36000061035156,112.94999694824219,110.98999786376953,112.80000305175781,17895200,0.0
2026-02-02,DIS,104.01000213623047,108.61000061035156,103.75,104.44999694824219,37778500,0.0
2026-02-03,DIS,104.77999877929688,104.98999786376953,102.33999633789062,104.22000122070312,24827100,0.0
2026-02-04,DIS,104.19999694824219,108.5999984741211,103.62999725341797,107.05000305175781,19070400,0.0
2026-02-05,DIS,107.05000305175781,108.33000183105469,104.80999755859375,104.97000122070312,11859500,0.0
2026-02-06,DIS,106.12999725341797,108.95999908447266,105.37000274658203,108.69999694824219,12105600,0.0
2026-02-09,DIS,108.69000244140625,108.91999816894531,106.7699966430664,107.12999725341797,10515400,0.0
2026-02-10,DIS,107.5999984741211,111.11000061035156,107.5999984741211,109.95999908447266,9815500,0.0
2026-02-11,DIS,108.93000030517578,109.87000274658203,107.80000305175781,108.12000274658203,9374900,0.0
2026-02-12,DIS,107.93000030517578,108.16000366210938,101.0199966430664,102.37999725341797,25319600,0.0
2026-02-13,DIS,101.4000015258789,105.5199966430664,101.19999694824219,105.44999694824219,12845300,0.0
2026-02-17,DIS,106.56999969482422,107.27999877929688,104.37000274658203,105.44000244140625,10467400,0.0
2026-02-18,DIS,105.95999908447266,107.7300033569336,105.80999755859375,107.0999984741211,8791600,0.0
2026-02-19,DIS,107.11000061035156,107.7699966430664,105.44999694824219,106.0,7492900,0.0
2026-02-20,DIS,105.61000061035156,106.19999694824219,104.6500015258789,105.58000183105469,9043600,0.0
2026-02-23,DIS,104.9800033569336,105.19000244140625,102.95999908447266,104.41000366210938,10626500,0.0
2026-02-24,DIS,104.44999694824219,107.2300033569336,103.9800033569336,106.05000305175781,13594800,0.0
2026-02-25,DIS,106.0,106.72000122070312,104.51000213623047,105.05000305175781,8556500,0.0
2026-02-26,DIS,105.47000122070312,106.7699966430664,105.31999969482422,105.55000305175781,9578500,0.0
2026-02-27,DIS,104.77999877929688,106.33999633789062,103.93000030517578,106.04000091552734,13954000,0.0
2026-03-02,DIS,104.61000061035156,104.61000061035156,102.86000061035156,104.33000183105469,14178600,0.0
2026-03-03,DIS,102.83999633789062,104.30999755859375,102.1500015258789,103.30000305175781,13608400,0.0
2026-03-04,DIS,103.16999816894531,103.83999633789062,102.63999938964844,103.04000091552734,9672300,0.0
2026-03-05,DIS,103.0999984741211,104.55000305175781,101.58999633789062,102.41000366210938,11751500,0.0
2026-03-06,DIS,101.38999938964844,101.80999755859375,99.94999694824219,101.54000091552734,10448600,0.0
2026-03-09,DIS,100.55000305175781,101.87000274658203,98.44999694824219,101.66000366210938,11715100,0.0
2026-03-10,DIS,101.75,102.23999786376953,100.23999786376953,101.31999969482422,7833100,0.0
2026-03-11,DIS,101.4000015258789,101.88999938964844,100.4000015258789,100.88999938964844,8152800,0.0
2026-03-12,DIS,100.0999984741211,100.87999725341797,99.37000274658203,99.43000030517578,10309400,0.0
2026-03-13,DIS,99.83000183105469,100.7699966430664,99.16000366210938,99.29000091552734,9551500,0.0
2026-03-16,DIS,99.47000122070312,99.69000244140625,98.45999908447266,98.66000366210938,11578500,0.0
2026-03-17,DIS,99.16999816894531,100.70999908447266,99.0199966430664,100.30000305175781,11785600,0.0
2026-03-18,DIS,99.83999633789062,101.0199966430664,99.0,99.41999816894531,12615100,0.0
2026-03-19,DIS,99.02999877929688,100.77999877929688,98.44000244140625,99.19999694824219,14793800,0.0
2026-03-20,DIS,99.01000213623047,100.02999877929688,98.38999938964844,99.51000213623047,27544200,0.0
2026-03-23,DIS,100.22000122070312,100.5999984741211,97.86000061035156,97.94999694824219,11373000,0.0
2026-03-24,DIS,97.73999786376953,98.05000305175781,96.25,96.38999938964844,9155700,0.0
2026-03-25,DIS,96.81999969482422,97.18000030517578,95.05999755859375,95.94999694824219,8467500,0.0
2026-03-26,DIS,95.12000274658203,96.4000015258789,94.58999633789062,94.75,8548800,0.0
2026-03-27,DIS,94.19000244140625,94.19000244140625,92.19000244140625,92.41999816894531,12475900,0.0
2026-03-30,DIS,92.88999938964844,95.19000244140625,92.88999938964844,94.31999969482422,10592600,0.0
2026-03-31,DIS,95.33999633789062,96.88999938964844,94.19000244140625,96.37999725341797,11180200,0.0
2026-04-01,DIS,97.26000213623047,98.36000061035156,96.48999786376953,96.55999755859375,8518600,0.0
2026-04-02,DIS,96.0,97.16999816894531,95.08999633789062,96.61000061035156,6379100,0.0
2026-04-06,DIS,96.5,97.16000366210938,96.12000274658203,96.27999877929688,5882200,0.0
2026-04-07,DIS,95.80000305175781,96.79000091552734,95.33000183105469,95.77999877929688,7913000,0.0
2026-04-08,DIS,98.0999984741211,99.19000244140625,97.69000244140625,99.18000030517578,10821000,0.0
2026-04-09,DIS,98.66000366210938,100.2300033569336,97.68000030517578,99.79000091552734,8918300,0.0
2026-04-10,DIS,99.83999633789062,100.16000366210938,98.81999969482422,99.16999816894531,6359600,0.0
2026-04-13,DIS,98.52999877929688,101.2699966430664,98.52999877929688,101.18000030517578,6790300,0.0
2026-04-14,DIS,101.33999633789062,103.0999984741211,100.9000015258789,102.58999633789062,9997400,0.0
2026-04-15,DIS,102.5999984741211,103.37999725341797,101.79000091552734,103.04000091552734,7035300,0.0
2026-04-16,DIS,103.62000274658203,104.52999877929688,102.77999877929688,103.9000015258789,8145900,0.0
2026-04-17,DIS,104.69000244140625,106.33000183105469,104.69000244140625,106.29000091552734,10506200,0.0
2026-04-20,DIS,105.91000366210938,107.11000061035156,105.91000366210938,106.30000305175781,6423400,0.0
2026-04-21,DIS,106.19000244140625,106.87999725341797,103.97000122070312,104.29000091552734,7784500,0.0
2026-04-22,DIS,105.02999877929688,106.27999877929688,104.2300033569336,104.81999969482422,6886600,0.0
2026-04-23,DIS,104.94000244140625,105.19999694824219,102.55000305175781,103.6500015258789,6147000,0.0
2026-04-24,DIS,103.5999984741211,103.63999938964844,101.97000122070312,102.5999984741211,5974500,0.0
2026-04-27,DIS,102.62000274658203,103.80999755859375,102.05999755859375,102.3499984741211,6524300,0.0
2026-04-28,DIS,102.66000366210938,103.29000091552734,100.61000061035156,101.47000122070312,6409300,0.0
2026-04-29,DIS,100.94000244140625,101.4800033569336,100.5999984741211,101.30000305175781,5533700,0.0
2026-04-30,DIS,100.91000366210938,104.12000274658203,100.41999816894531,103.75,9203500,0.0
2026-05-01,DIS,104.4000015258789,104.83000183105469,102.97000122070312,103.08000183105469,5956900,0.0
2026-05-04,DIS,102.73999786376953,103.05000305175781,101.2699966430664,101.30999755859375,8400100,0.0
2026-05-05,DIS,101.52999877929688,101.7300033569336,100.05999755859375,100.4800033569336,14314700,0.0
2026-05-06,DIS,106.5199966430664,109.13999938964844,105.30999755859375,108.05999755859375,23219500,0.0
2026-05-07,DIS,109.05000305175781,110.4800033569336,107.08999633789062,108.66000366210938,14309200,0.0
2026-05-08,DIS,109.02999877929688,109.20999908447266,107.54000091552734,108.0199966430664,8370000,0.0
2026-05-11,DIS,108.0,108.38999938964844,104.37999725341797,104.72000122070312,10562300,0.0
2026-05-12,DIS,104.98999786376953,106.2699966430664,104.22000122070312,106.16000366210938,8178500,0.0
2026-05-13,DIS,105.3499984741211,105.87999725341797,103.86000061035156,104.9000015258789,7605900,0.0
2026-05-14,DIS,105.54000091552734,106.29000091552734,104.8499984741211,105.41999816894531,6144600,0.0
2026-05-15,DIS,105.02999877929688,105.41999816894531,102.30000305175781,102.72000122070312,9258600,0.0
2026-05-18,DIS,102.69000244140625,104.69999694824219,102.55000305175781,103.91000366210938,9037200,0.0
2026-05-19,DIS,103.70999908447266,103.93000030517578,101.97000122070312,102.29000091552734,7032600,0.0
2026-05-20,DIS,102.91000366210938,104.86000061035156,101.5999984741211,104.08000183105469,7941400,0.0
2026-05-21,DIS,103.61000061035156,104.62000274658203,102.58999633789062,103.58000183105469,8611200,0.0
2026-05-22,DIS,104.04000091552734,104.5,102.9800033569336,103.0,5693300,0.0
2026-05-26,DIS,103.0999984741211,103.80000305175781,102.3499984741211,103.27999877929688,6714400,0.0
2026-05-27,DIS,103.30000305175781,105.25,103.26000213623047,104.18000030517578,7360100,0.0
2026-05-28,DIS,103.80999755859375,104.41000366210938,103.0999984741211,103.7300033569336,6511100,0.0
2026-05-29,DIS,103.62999725341797,103.76000213623047,101.83000183105469,101.83000183105469,13340300,0.0
2026-06-01,DIS,101.66000366210938,103.01000213623047,100.30000305175781,102.8499984741211,8219000,0.0
2026-06-02,DIS,102.3499984741211,102.48999786376953,100.08999633789062,101.41000366210938,8397400,0.0
2026-06-03,DIS,100.44000244140625,101.2699966430664,99.25,99.38999938964844,7471600,0.0
2026-06-04,DIS,100.54000091552734,101.47000122070312,99.01000213623047,99.33999633789062,9568000,0.0
2026-06-05,DIS,99.68000030517578,100.19999694824219,99.08999633789062,99.70999908447266,9501600,0.0
2026-06-08,DIS,99.5199966430664,99.83999633789062,98.41000366210938,98.87000274658203,7559200,0.0
2026-06-09,DIS,99.05000305175781,100.08999633789062,98.51000213623047,99.33000183105469,8616300,0.0
2026-06-10,DIS,99.48999786376953,99.76000213623047,97.94999694824219,98.61000061035156,7041400,0.0
2026-06-11,DIS,98.83000183105469,100.73999786376953,98.0999984741211,100.33999633789062,9264400,0.0
2026-06-12,DIS,101.05999755859375,101.7699966430664,99.54000091552734,100.04000091552734,8253800,0.0
